Workbook

Sheet README
A1: ⚠ Synthetic data — created solely for POC demonstration. Not Transworld data. All suppliers, SKUs, shipments, emails and documents are fictional.
A2: Proof of Concept – Intelligent Inbound Processing & SKU Onboarding
A3: SP Jain MGB Capstone | WMS Team A – Inbound & SKU Intelligence | Illustrative scenario for Transworld Group (no company data used)
A5: Purpose | B5: Demonstrate how the proposed AI-assisted inbound process would work if Transworld data and system access were available. Every record in this workbook is synthetic.
A6: Story | B6: Inbound email → capture attachments → identify relevant documents → classify → extract → normalise & validate → compare SKUs with WMS Item Master → Existing / Potential New / Ambiguous → confidence score → route uncertain cases to a human → validated structured output.
A7: Period simulated | B7: Two weeks of operations: 1–14 September 2026 (10 working days).
A8: Dataset size | B8: 80 SKUs in Item Master | 8 fictional suppliers | 30 inbound emails / shipments | 79 attachments | 103 line items | 7 exception records (6 seeded + 1 AI false alarm). Majority of shipments are routine; edge cases are the minority.
A9: How to read | B9: Each data sheet separates what was RECEIVED, the GROUND TRUTH (the answer we planted), the SIMULATED AI OUTPUT and the TEST RESULT. KPIs are calculated live by formula from these columns – nothing on the dashboard is typed in.
A10: Colour legend | B10: Column colours: Dark blue = data as received (input) | Green = GROUND TRUTH (known correct answer) | Blue = SIMULATED AI OUTPUT | Orange = TEST RESULT (formula: AI vs ground truth)
A11: Sheets | B11: Suppliers · Item_Master · Inbound_Emails · Documents · Line_Items · Exceptions · Shipment_Summary · Decision_Rules · Test_Cases · KPI_Dashboard · Dashboard_Spec · Stage_Transformation · Slide_Plan
A12: Deliberate AI errors | B12: Small, realistic errors were planted in the simulated AI output so testing is meaningful: 2 document misclassifications (scanned/irrelevant files), 2 extraction errors, 3 SKU decision errors (1 unsafe, 2 conservative), 1 missed exception and 1 false alarm (caused by a mis-read quantity).
A13: Editing | B13: To run a what-if, change any GROUND TRUTH or AI OUTPUT value (green/blue columns); all TEST RESULT columns, Shipment_Summary and KPI_Dashboard update automatically.
A14: Key message | B14: We are NOT claiming this is Transworld's data. We are demonstrating how the proposed solution would work if the required Transworld data and system access were available.

Sheet KPI_Dashboard
A1: ⚠ Synthetic data — created solely for POC demonstration. Not Transworld data. All suppliers, SKUs, shipments, emails and documents are fictional.
A2: STEP 4 – POC Output Dashboard (two-week synthetic run, 1–14 Sep 2026)
A3: Every number below is a live formula over the data sheets – nothing is typed in. Ground truth = planted answer; System output = simulated AI; Accuracy = agreement.
A4: KPI | B4: Ground truth | C4: System output | D4: Result | E4: Definition / formula
A5: A. VOLUME PROCESSED
A6: Inbound emails / shipments | C6: =COUNTA(Shipment_Summary!$A$5:$A$34) -> 30 | E6: Count of shipments in Shipment_Summary
A7: Attachments received | C7: =COUNTA(Documents!$A$5:$A$83) -> 79 | E7: All files attached to the emails, relevant or not
A8: Relevant documents processed | B8: =COUNTIF(Documents!$H$5:$H$83,"Yes") -> 76 | C8: =COUNTIF(Documents!$J$5:$J$83,"<>Not Relevant") -> 77 | E8: GT: documents that are shipment documents. AI: documents the AI treated as relevant
A9: Line items processed | C9: =COUNTA(Line_Items!$A$5:$A$107) -> 103 | E9: All line items extracted from Packing Lists
A10: B. SKU INTELLIGENCE (line level)
A11: Existing SKUs | B11: =COUNTIF(Line_Items!$M$5:$M$107,"Existing") -> 96 | C11: =COUNTIF(Line_Items!$S$5:$S$107,"Existing") -> 96 | E11: Lines classified 'Existing'
A12: Potential new SKUs | B12: =COUNTIF(Line_Items!$M$5:$M$107,"New") -> 4 | C12: =COUNTIF(Line_Items!$S$5:$S$107,"New") -> 3 | E12: Lines classified 'New'
A13: Ambiguous SKUs | B13: =COUNTIF(Line_Items!$M$5:$M$107,"Ambiguous") -> 3 | C13: =COUNTIF(Line_Items!$S$5:$S$107,"Ambiguous") -> 4 | E13: Lines classified 'Ambiguous'
A14: C. VALIDATION & EXCEPTIONS
A15: Validation exceptions (seeded vs flagged) | B15: =COUNTIF(Exceptions!$H$5:$H$11,"Yes") -> 6 | C15: =COUNTIF(Exceptions!$I$5:$I$11,"Yes") -> 6 | E15: Seeded = planted in data; Flagged = raised by AI (includes false alarms)
A16: Exceptions correctly detected | C16: =COUNTIF(Exceptions!$J$5:$J$11,"Detected") -> 5 | E16: Seeded AND flagged
A17: Exceptions missed | C17: =COUNTIF(Exceptions!$J$5:$J$11,"MISSED") -> 1 | E17: Seeded but not flagged
A18: False alarms | C18: =COUNTIF(Exceptions!$J$5:$J$11,"False alarm") -> 1 | E18: Flagged but not seeded
A19: D. ACCURACY (system output vs ground truth)
A20: Document classification accuracy | D20: =SUM(Documents!$M$5:$M$83)/COUNT(Documents!$M$5:$M$83) -> 0.97468354 | E20: Correct classifications / Total attachments
A21: Data extraction accuracy (line level) | D21: =SUM(Line_Items!$AC$5:$AC$107)/COUNT(Line_Items!$AC$5:$AC$107) -> 0.98058252 | E21: Lines with all fields extracted correctly / Total lines
A22: UOM normalisation accuracy | D22: =SUM(Line_Items!$AB$5:$AB$107)/COUNT(Line_Items!$AB$5:$AB$107) -> 1 | E22: Correct normalised UOM / Total lines
A23: SKU matching accuracy | D23: =SUM(Line_Items!$Z$5:$Z$107)/COUNT(Line_Items!$Z$5:$Z$107) -> 0.97087379 | E23: Correct SKU decisions (Existing/New/Ambiguous) / Total SKU decisions
A24: Line validation accuracy | D24: =SUM(Line_Items!$AA$5:$AA$107)/COUNT(Line_Items!$AA$5:$AA$107) -> 0.99029126 | E24: Correct validation status / Total lines
A25: Exception detection rate (recall) | D25: =COUNTIF(Exceptions!$J$5:$J$11,"Detected")/COUNTIF(Exceptions!$H$5:$H$11,"Yes") -> 0.83333333 | E25: Correctly identified exceptions / Total seeded exceptions
A26: Exception precision | D26: =COUNTIF(Exceptions!$J$5:$J$11,"Detected")/COUNTIF(Exceptions!$I$5:$I$11,"Yes") -> 0.83333333 | E26: Correct flags / All flags raised
A27: E. AUTOMATION & HUMAN REVIEW
A28: Lines auto-processed | C28: =COUNTIF(Line_Items!$X$5:$X$107,"Auto-processed") -> 91 | D28: =C28/C9 -> 0.88349515 | E28: Straight-through rate = auto-processed lines / total lines
A29: Lines routed to human (review + new-SKU approval) | C29: =COUNTIF(Line_Items!$X$5:$X$107,"<>Auto-processed") -> 12 | D29: =C29/C9 -> 0.11650485 | E29: Human review share
A30: Shipments auto-processed end-to-end | B30: =COUNTIF(Shipment_Summary!$N$5:$N$34,"Clean") -> 17 | C30: =COUNTIF(Shipment_Summary!$O$5:$O$34,"Auto-processed") -> 15 | E30: GT: shipments that were genuinely clean. AI: shipments with zero human touch
A31: Shipments routed to human review | B31: =COUNTIF(Shipment_Summary!$N$5:$N$34,"Requires review") -> 13 | C31: =COUNTIF(Shipment_Summary!$O$5:$O$34,"Human review") -> 15
A32: Shipment routing accuracy | D32: =(COUNTIF(Shipment_Summary!$P$5:$P$34,"Correct – straight-through")+COUNTIF(Shipment_Summary!$P$5:$P$34,"Correct – caught"))/COUNTA(Shipment_Summary!$A$5:$A$34) -> 0.8 | E32: Correctly routed shipments / Total shipments
A33: Successful automated processing | C33: =COUNTIF(Shipment_Summary!$P$5:$P$34,"Correct – straight-through") -> 13 | E33: Clean shipments correctly auto-processed
A34: CRITICAL: shipments wrongly auto-processed | C34: =COUNTIF(Shipment_Summary!$P$5:$P$34,"MISSED – wrongly auto-processed") -> 2 | E34: Shipments that needed review but passed straight through – drive rule fixes F1/F2
A36: SKU decision matrix (rows = ground truth, columns = system output)
A37: Ground truth ↓ / System → | B37: Existing | C37: New | D37: Ambiguous | E37: Reading
A38: Existing | B38: =COUNTIFS(Line_Items!$M$5:$M$107,"Existing",Line_Items!$S$5:$S$107,"Existing") -> 95 | C38: =COUNTIFS(Line_Items!$M$5:$M$107,"Existing",Line_Items!$S$5:$S$107,"New") -> 0 | D38: =COUNTIFS(Line_Items!$M$5:$M$107,"Existing",Line_Items!$S$5:$S$107,"Ambiguous") -> 1 | E38: Off-diagonal = existing SKU held for review (safe, extra work)
A39: New | B39: =COUNTIFS(Line_Items!$M$5:$M$107,"New",Line_Items!$S$5:$S$107,"Existing") -> 0 | C39: =COUNTIFS(Line_Items!$M$5:$M$107,"New",Line_Items!$S$5:$S$107,"New") -> 3 | D39: =COUNTIFS(Line_Items!$M$5:$M$107,"New",Line_Items!$S$5:$S$107,"Ambiguous") -> 1 | E39: Off-diagonal = new SKU held as ambiguous (safe)
A40: Ambiguous | B40: =COUNTIFS(Line_Items!$M$5:$M$107,"Ambiguous",Line_Items!$S$5:$S$107,"Existing") -> 1 | C40: =COUNTIFS(Line_Items!$M$5:$M$107,"Ambiguous",Line_Items!$S$5:$S$107,"New") -> 0 | D40: =COUNTIFS(Line_Items!$M$5:$M$107,"Ambiguous",Line_Items!$S$5:$S$107,"Ambiguous") -> 2 | E40: 'Existing' column here = UNSAFE auto-match (finding F1)
A43: Shipment routing outcomes
A44: Outcome | B44: Shipments
A45: Correct – straight-through | B45: =COUNTIF(Shipment_Summary!$P$5:$P$34,"Correct – straight-through") -> 13
A46: Correct – caught | B46: =COUNTIF(Shipment_Summary!$P$5:$P$34,"Correct – caught") -> 11
A47: Unnecessary review | B47: =COUNTIF(Shipment_Summary!$P$5:$P$34,"Unnecessary review") -> 4
A48: MISSED – wrongly auto-processed | B48: =COUNTIF(Shipment_Summary!$P$5:$P$34,"MISSED – wrongly auto-processed") -> 2

Sheet Test_Cases
A1: ⚠ Synthetic data — created solely for POC demonstration. Not Transworld data. All suppliers, SKUs, shipments, emails and documents are fictional.
A2: STEP 3 – Representative End-to-End Test Cases (A–E) + testing feedback
A3: Each column follows one shipment through the proposed process. Values are taken from the synthetic dataset (see Line_Items / Documents).
A4: Stage | B4: TEST A – Clean shipment SYN-SH-001 | C4: TEST B – Potential New SKU SYN-SH-008 | D4: TEST C – Ambiguous SKU SYN-SH-011 | E4: TEST D – Missing quantity SYN-SH-013 | F4: TEST E – Document conflict SYN-SH-023
A5: 1. INPUT | B5: Email SYN-EM-001 from Brightlink Electronics (fictional), 1 Sep. 3 attachments: Packing_List_4401.pdf, CI 7701.pdf, Certificate_of_Origin_001.pdf. | C5: Email SYN-EM-008 from Voltix Components (fictional). 3 attachments: Packing List, Commercial Invoice, Certificate of Origin. | D5: Email SYN-EM-011 from Brightlink Electronics (fictional). 3 attachments: packinglist 4411.pdf, CI 7711.pdf, Certificate of Origin. | E5: Email SYN-EM-013 from Crestline Consumer Products (fictional). 2 attachments: Packing List, Commercial Invoice. | F5: Email SYN-EM-023 from Desert Palm Foodstuff (fictional). 3 attachments: Packing List, Invoice, Bill of Entry.
A6: 2. DOCUMENT CLASSIFICATION | B6: PL → Packing List (conf. high); CI → Commercial Invoice; COO → Certificate of Origin. All 3 relevant, all ≥ 80% → auto. | C6: 3 documents classified correctly; all relevant; auto-accepted. | D6: 3 documents classified correctly; all relevant; auto-accepted. | E6: 2 documents classified correctly. Packing List flagged 'Incomplete'. | F6: 3 documents classified correctly; auto-accepted.
A7: 3. DATA EXTRACTION | B7: 4 lines: EL-4105 Bluetooth Speaker ×600 | EL-4230 LED Strip ×150 | EL-4220 Desk Lamp ×500 | EL-4110 Earbuds Black ×1,000. All PCS, HS, origin China, weights captured. | C7: 4 lines incl. EL-7810 'USB-C Hub 7-in-1 Aluminium' ×300 PCS, HS 8471.80, origin Malaysia, 33.0 kg. | D7: 4 lines incl. 'EL-400I' 'Wireless Router' ×200 PCS, HS 8517.62, China, 240 kg. | E7: 3 lines. Line 2: CG-3210 Hair Dryer 1800W – Quantity field BLANK (weight 168 kg present). Invoice shows 240. | F7: 3 lines. Line 1: PK-6501 Bottled Water 24x500ml – Packing List qty 500 CTN; Invoice qty 550 CTN.
A8: 4. VALIDATION | B8: All mandatory fields present. PL = CI on qty, HS, origin, weight. → VALID. | C8: All fields present; PL = CI. → VALID. | D8: All fields present; PL = CI. → VALID (the issue is identity, not data). | E8: Mandatory field check → FAILED. Missing field: Quantity (line SYN-LN-044). | F8: Cross-document check → CONFLICT. Field: Quantity. Source 1: Packing List = 500. Source 2: Invoice = 550.
A9: 5. WMS ITEM MASTER LOOKUP | B9: All 4 codes found; descriptions match master exactly. | C9: EL-7810 not in master. Closest description: AC-2201 USB-C Cable (41% similar) – not a credible match. | D9: EL-400I not in master. Nearest codes: EL-4001 (1 character: letter 'I' vs digit '1'). Description 'Wireless Router' fits EL-4001 (AX1800) AND EL-4011 (AX3000). | E9: CG-3210 found – exact match. | F9: PK-6501 found – exact match.
A10: 6. MATCH RESULT | B10: 4 × EXISTING SKU. | C10: POTENTIAL NEW SKU. Draft created: EL-7810 | USB-C Hub 7-in-1 Aluminium | Electronics | PCS | HS 8471.80 | Malaysia | SUP-006 | 0.11 kg/unit | Status: Pending approval. | D10: AMBIGUOUS – two plausible candidates; not auto-matched. | E10: EXISTING SKU (identity fine) – but data incomplete. | F10: EXISTING SKU (identity fine) – but data conflicting.
A11: 7. CONFIDENCE SCORE | B11: 95%, 99%, 95%, 98% – all above 90% threshold. | C11: 92% confidence that this is a genuinely new item. | D11: 71% – below 90% threshold. Reason: potential character-level mismatch between extracted SKU and WMS Item Master. | E11: SKU match 97%; shipment blocked by validation failure. | F11: SKU match 95%; shipment blocked by validation conflict.
A12: 8. DECISION | B12: AUTO-PROCESS – no human touch needed. | C12: ROUTE TO HUMAN APPROVAL (new SKUs are never created automatically). Other 3 lines auto-processed. | D12: ROUTE TO HUMAN REVIEW. Other 3 lines auto-processed. | E12: EXCEPTION RAISED – hold line; request corrected Packing List or confirm quantity. | F12: EXCEPTION RAISED – hold line; do not guess which quantity is correct.
A13: 9. HUMAN INTERVENTION | B13: None. | C13: Reviewer sees draft with options APPROVE / EDIT / REJECT. Simulated decision: APPROVE → SKU EL-7810 created in WMS Item Master. | D13: Reviewer compares with PO line and supplier catalogue; selects EL-4001 (AX1800). System learns mapping 'EL-400I' → EL-4001 for this supplier. | E13: Reviewer contacts supplier; corrected quantity 240 confirmed (matches Invoice). Line released. | F13: Reviewer checks PO & supplier: 500 CTN physically shipped; supplier issues credit note for 50 CTN. Line released at 500.
A14: 10. FINAL OUTPUT | B14: Validated record: SYN-SH-001 | 4 lines | all Existing | Status: READY FOR RECEIVING. | C14: Validated record with 4 lines (1 newly onboarded SKU). Status: READY after approval. | D14: Validated record with corrected SKU. Status: READY after review. | E14: Validated record after correction. Status: READY; exception logged in audit trail. | F14: Validated record with resolved quantity. Status: READY; conflict + resolution logged.
A15: KEY MESSAGE | B15: Routine shipments flow straight through. | C15: New items are detected and drafted, but a person stays in control. | D15: The AI knows when it is unsure – it does not force a match. | E15: Incomplete data is stopped, not passed to the warehouse. | F15: The AI cross-checks documents instead of trusting a single one.
A17: TESTING FEEDBACK – what the planted errors taught us
A18: Finding | B18: What happened (synthetic test) | C18: Risk | D18: Proposed fix | E18: Status
A19: F1 – Unsafe auto-match | B19: SYN-SH-021: 'AC-221O' / 'USB-C Cable' auto-corrected to AC-2210 (2m) at 90%, but it could also be AC-2201 (1m). Ground truth = Ambiguous. | C19: High – wrong SKU received into stock | D19: Code correction allowed only when a distinguishing attribute (length, capacity, colour) also matches; otherwise Ambiguous. Or raise threshold for corrected codes to 95%. | E19: Rule update
A20: F2 – Missed weight conflict | B20: SYN-SH-025: Packing List vs Invoice gross weight differs 6.3%; tolerance of 10% let it pass. | C20: Medium – customs / billing discrepancy | D20: Tighten tolerance to 2–3% (to be set with Transworld operations). | E20: Threshold update
A21: F3 – HS code mis-read not caught | B21: SYN-SH-003: HS 8544.42 read as 8544.49; not compared with Item Master. | C21: Medium – customs classification | D21: Add check: extracted HS code vs Item Master HS for existing SKUs. | E21: New validation
A22: F4 – Scanned documents | B22: SYN-SH-012 scanned COO classed as Invoice (66%); SYN-SH-007 qty 1,200 read as 120. Both caught by low confidence / cross-check. | C22: Low – caught, but adds review effort | D22: Add scan-quality check; request digital originals from frequent suppliers. | E22: Process change
A23: F5 – Over-cautious decisions | B23: SYN-SH-009 abbreviated 'BT Spkr' and SYN-SH-022 new mesh kit held as Ambiguous. | C23: Low – safe, extra review | D23: Build supplier-specific abbreviation list from reviewer decisions. | E23: Learning loop

Sheet Item_Master
A1: ⚠ Synthetic data — created solely for POC demonstration. Not Transworld data. All suppliers, SKUs, shipments, emails and documents are fictional.
A2: STEP 1 – Synthetic WMS Item Master (80 SKUs)
A3: Designed with deliberate look-alikes for testing: EL-4001/EL-4011 (routers), AC-2201/AC-2210 (cables 1m/2m), CG-3005/CG-3006 (bottles 750/500ml), EL-4110/EL-4111 (earbuds black/white). 5 SKUs Inactive.
A4: SKU_ID | B4: Product_Description | C4: Category | D4: UOM | E4: HS_Code | F4: Country_of_Origin | G4: Supplier_ID | H4: Supplier_Name | I4: Weight_per_Unit (kg) | J4: Existing_Status | K4: Test_Design_Note
A5: EL-4001 | B5: Wireless Router AX1800 | C5: Electronics | D5: PCS | E5: 8517.62 | F5: China | G5: SUP-001 | H5: =INDEX(Suppliers!$B$5:$B$12,MATCH(G5,Suppliers!$A$5:$A$12,0)) -> Brightlink Electronics Co. (fictional) | I5: 1.2 | J5: Active | K5: Look-alike of EL-4011; target of EL-400I test
A6: EL-4011 | B6: Wireless Router AX3000 | C6: Electronics | D6: PCS | E6: 8517.62 | F6: China | G6: SUP-001 | H6: =INDEX(Suppliers!$B$5:$B$12,MATCH(G6,Suppliers!$A$5:$A$12,0)) -> Brightlink Electronics Co. (fictional) | I6: 1.35 | J6: Active | K6: Look-alike of EL-4001
A7: EL-4020 | B7: Mesh Wi-Fi Node AX1800 (single) | C7: Electronics | D7: PCS | E7: 8517.62 | F7: China | G7: SUP-001 | H7: =INDEX(Suppliers!$B$5:$B$12,MATCH(G7,Suppliers!$A$5:$A$12,0)) -> Brightlink Electronics Co. (fictional) | I7: 0.6 | J7: Active | K7: Resembles new SKU EL-4025 (mesh 3-pack)
A8: EL-4105 | B8: Bluetooth Speaker 10W Portable | C8: Electronics | D8: PCS | E8: 8518.22 | F8: China | G8: SUP-001 | H8: =INDEX(Suppliers!$B$5:$B$12,MATCH(G8,Suppliers!$A$5:$A$12,0)) -> Brightlink Electronics Co. (fictional) | I8: 0.55 | J8: Active
A9: EL-4110 | B9: Wireless Earbuds - True Wireless, Black | C9: Electronics | D9: PCS | E9: 8518.30 | F9: China | G9: SUP-001 | H9: =INDEX(Suppliers!$B$5:$B$12,MATCH(G9,Suppliers!$A$5:$A$12,0)) -> Brightlink Electronics Co. (fictional) | I9: 0.12 | J9: Active | K9: Colour variant of EL-4111
A10: EL-4111 | B10: Wireless Earbuds - True Wireless, White | C10: Electronics | D10: PCS | E10: 8518.30 | F10: China | G10: SUP-001 | H10: =INDEX(Suppliers!$B$5:$B$12,MATCH(G10,Suppliers!$A$5:$A$12,0)) -> Brightlink Electronics Co. (fictional) | I10: 0.12 | J10: Active | K10: Colour variant of EL-4110
A11: EL-4210 | B11: Smart LED Bulb 9W E27 | C11: Electronics | D11: PCS | E11: 8539.52 | F11: China | G11: SUP-001 | H11: =INDEX(Suppliers!$B$5:$B$12,MATCH(G11,Suppliers!$A$5:$A$12,0)) -> Brightlink Electronics Co. (fictional) | I11: 0.08 | J11: Active
A12: EL-4220 | B12: LED Desk Lamp with USB Port | C12: Electronics | D12: PCS | E12: 9405.21 | F12: China | G12: SUP-001 | H12: =INDEX(Suppliers!$B$5:$B$12,MATCH(G12,Suppliers!$A$5:$A$12,0)) -> Brightlink Electronics Co. (fictional) | I12: 0.9 | J12: Active
A13: EL-4301 | B13: Power Bank 10000mAh | C13: Electronics | D13: PCS | E13: 8507.60 | F13: Malaysia | G13: SUP-006 | H13: =INDEX(Suppliers!$B$5:$B$12,MATCH(G13,Suppliers!$A$5:$A$12,0)) -> Voltix Components Sdn Bhd (fictional) | I13: 0.25 | J13: Active
A14: EL-4302 | B14: Power Bank 20000mAh | C14: Electronics | D14: PCS | E14: 8507.60 | F14: Malaysia | G14: SUP-006 | H14: =INDEX(Suppliers!$B$5:$B$12,MATCH(G14,Suppliers!$A$5:$A$12,0)) -> Voltix Components Sdn Bhd (fictional) | I14: 0.42 | J14: Active
A15: EL-4310 | B15: USB-C Wall Charger 20W | C15: Electronics | D15: PCS | E15: 8504.40 | F15: Malaysia | G15: SUP-006 | H15: =INDEX(Suppliers!$B$5:$B$12,MATCH(G15,Suppliers!$A$5:$A$12,0)) -> Voltix Components Sdn Bhd (fictional) | I15: 0.07 | J15: Active
A16: EL-4401 | B16: Wireless Keyboard - Full Size | C16: Electronics | D16: PCS | E16: 8471.60 | F16: Malaysia | G16: SUP-006 | H16: =INDEX(Suppliers!$B$5:$B$12,MATCH(G16,Suppliers!$A$5:$A$12,0)) -> Voltix Components Sdn Bhd (fictional) | I16: 0.65 | J16: Active
A17: EL-4402 | B17: Wireless Optical Mouse | C17: Electronics | D17: PCS | E17: 8471.60 | F17: Malaysia | G17: SUP-006 | H17: =INDEX(Suppliers!$B$5:$B$12,MATCH(G17,Suppliers!$A$5:$A$12,0)) -> Voltix Components Sdn Bhd (fictional) | I17: 0.1 | J17: Active
A18: EL-4410 | B18: HD Webcam 1080p | C18: Electronics | D18: PCS | E18: 8525.89 | F18: Malaysia | G18: SUP-006 | H18: =INDEX(Suppliers!$B$5:$B$12,MATCH(G18,Suppliers!$A$5:$A$12,0)) -> Voltix Components Sdn Bhd (fictional) | I18: 0.18 | J18: Active
A19: EL-4501 | B19: Smartwatch Fitness 1.4in | C19: Electronics | D19: PCS | E19: 8517.62 | F19: China | G19: SUP-001 | H19: =INDEX(Suppliers!$B$5:$B$12,MATCH(G19,Suppliers!$A$5:$A$12,0)) -> Brightlink Electronics Co. (fictional) | I19: 0.09 | J19: Inactive
A20: EL-4230 | B20: LED Strip Light 5m RGB | C20: Electronics | D20: PCS | E20: 9405.42 | F20: China | G20: SUP-001 | H20: =INDEX(Suppliers!$B$5:$B$12,MATCH(G20,Suppliers!$A$5:$A$12,0)) -> Brightlink Electronics Co. (fictional) | I20: 0.3 | J20: Active
A21: AC-2201 | B21: USB-C to USB-C Cable 1m | C21: Accessories | D21: PCS | E21: 8544.42 | F21: Malaysia | G21: SUP-006 | H21: =INDEX(Suppliers!$B$5:$B$12,MATCH(G21,Suppliers!$A$5:$A$12,0)) -> Voltix Components Sdn Bhd (fictional) | I21: 0.05 | J21: Active | K21: Look-alike of AC-2210 (length differs)
A22: AC-2202 | B22: USB-C to Lightning Cable 1m | C22: Accessories | D22: PCS | E22: 8544.42 | F22: Malaysia | G22: SUP-006 | H22: =INDEX(Suppliers!$B$5:$B$12,MATCH(G22,Suppliers!$A$5:$A$12,0)) -> Voltix Components Sdn Bhd (fictional) | I22: 0.05 | J22: Active
A23: AC-2210 | B23: USB-C to USB-C Cable 2m | C23: Accessories | D23: PCS | E23: 8544.42 | F23: Malaysia | G23: SUP-006 | H23: =INDEX(Suppliers!$B$5:$B$12,MATCH(G23,Suppliers!$A$5:$A$12,0)) -> Voltix Components Sdn Bhd (fictional) | I23: 0.08 | J23: Active | K23: Look-alike of AC-2201
A24: AC-2220 | B24: HDMI Cable 2m 4K | C24: Accessories | D24: PCS | E24: 8544.42 | F24: Malaysia | G24: SUP-006 | H24: =INDEX(Suppliers!$B$5:$B$12,MATCH(G24,Suppliers!$A$5:$A$12,0)) -> Voltix Components Sdn Bhd (fictional) | I24: 0.12 | J24: Active
A25: AC-2301 | B25: Phone Case Silicone - Universal 6.1in | C25: Accessories | D25: PCS | E25: 3926.90 | F25: Turkey | G25: SUP-004 | H25: =INDEX(Suppliers!$B$5:$B$12,MATCH(G25,Suppliers!$A$5:$A$12,0)) -> Anka Accessories Trading (fictional) | I25: 0.04 | J25: Active
A26: AC-2310 | B26: Tempered Glass Screen Protector 6.1in | C26: Accessories | D26: PCS | E26: 7007.19 | F26: Turkey | G26: SUP-004 | H26: =INDEX(Suppliers!$B$5:$B$12,MATCH(G26,Suppliers!$A$5:$A$12,0)) -> Anka Accessories Trading (fictional) | I26: 0.03 | J26: Active
A27: AC-2401 | B27: Laptop Sleeve 15in Neoprene | C27: Accessories | D27: PCS | E27: 4202.92 | F27: Turkey | G27: SUP-004 | H27: =INDEX(Suppliers!$B$5:$B$12,MATCH(G27,Suppliers!$A$5:$A$12,0)) -> Anka Accessories Trading (fictional) | I27: 0.3 | J27: Active
A28: AC-2410 | B28: Travel Backpack 25L | C28: Accessories | D28: PCS | E28: 4202.92 | F28: Turkey | G28: SUP-004 | H28: =INDEX(Suppliers!$B$5:$B$12,MATCH(G28,Suppliers!$A$5:$A$12,0)) -> Anka Accessories Trading (fictional) | I28: 0.85 | J28: Active
A29: AC-2501 | B29: Car Phone Holder - Vent Mount | C29: Accessories | D29: PCS | E29: 3926.90 | F29: Turkey | G29: SUP-004 | H29: =INDEX(Suppliers!$B$5:$B$12,MATCH(G29,Suppliers!$A$5:$A$12,0)) -> Anka Accessories Trading (fictional) | I29: 0.09 | J29: Active
A30: AC-2510 | B30: Universal Travel Adapter | C30: Accessories | D30: PCS | E30: 8536.69 | F30: Turkey | G30: SUP-004 | H30: =INDEX(Suppliers!$B$5:$B$12,MATCH(G30,Suppliers!$A$5:$A$12,0)) -> Anka Accessories Trading (fictional) | I30: 0.15 | J30: Active
A31: AC-2601 | B31: Leather Bifold Wallet | C31: Accessories | D31: PCS | E31: 4202.31 | F31: Turkey | G31: SUP-004 | H31: =INDEX(Suppliers!$B$5:$B$12,MATCH(G31,Suppliers!$A$5:$A$12,0)) -> Anka Accessories Trading (fictional) | I31: 0.1 | J31: Active
A32: AC-2610 | B32: Canvas Tote Bag | C32: Accessories | D32: PCS | E32: 4202.22 | F32: Turkey | G32: SUP-004 | H32: =INDEX(Suppliers!$B$5:$B$12,MATCH(G32,Suppliers!$A$5:$A$12,0)) -> Anka Accessories Trading (fictional) | I32: 0.2 | J32: Active
A33: AC-2701 | B33: Sunglasses Polarised Unisex | C33: Accessories | D33: PCS | E33: 9004.10 | F33: Turkey | G33: SUP-004 | H33: =INDEX(Suppliers!$B$5:$B$12,MATCH(G33,Suppliers!$A$5:$A$12,0)) -> Anka Accessories Trading (fictional) | I33: 0.05 | J33: Active
A34: AC-2710 | B34: Watch Strap Silicone 22mm | C34: Accessories | D34: PCS | E34: 9113.90 | F34: Turkey | G34: SUP-004 | H34: =INDEX(Suppliers!$B$5:$B$12,MATCH(G34,Suppliers!$A$5:$A$12,0)) -> Anka Accessories Trading (fictional) | I34: 0.02 | J34: Inactive
A35: AC-2801 | B35: Metal Keychain | C35: Accessories | D35: PCS | E35: 7117.19 | F35: Turkey | G35: SUP-004 | H35: =INDEX(Suppliers!$B$5:$B$12,MATCH(G35,Suppliers!$A$5:$A$12,0)) -> Anka Accessories Trading (fictional) | I35: 0.02 | J35: Active
... A52: HH-5520 | B52: Hand Blender 600W | C52: Household | D52: PCS | E52: 8509.40 | F52: Germany | G52: SUP-008 | H52: =INDEX(Suppliers!$B$5:$B$12,MATCH(G52,Suppliers!$A$5:$A$12,0)) -> Nordkap Home Appliances GmbH (fictional) | I52: 1.1 | J52: Active
A53: CG-3005 | B53: Stainless Steel Water Bottle 750ml | C53: Consumer Goods | D53: PCS | E53: 7323.93 | F53: India | G53: SUP-003 | H53: =INDEX(Suppliers!$B$5:$B$12,MATCH(G53,Suppliers!$A$5:$A$12,0)) -> Crestline Consumer Products Pvt Ltd (fictional) | I53: 0.35 | J53: Active | K53: Look-alike of CG-3006; target of CG-3O05 typo
A54: CG-3006 | B54: Stainless Steel Water Bottle 500ml | C54: Consumer Goods | D54: PCS | E54: 7323.93 | F54: India | G54: SUP-003 | H54: =INDEX(Suppliers!$B$5:$B$12,MATCH(G54,Suppliers!$A$5:$A$12,0)) -> Crestline Consumer Products Pvt Ltd (fictional) | I54: 0.28 | J54: Active | K54: Look-alike of CG-3005
A55: CG-3101 | B55: Yoga Mat 6mm | C55: Consumer Goods | D55: PCS | E55: 9506.91 | F55: India | G55: SUP-003 | H55: =INDEX(Suppliers!$B$5:$B$12,MATCH(G55,Suppliers!$A$5:$A$12,0)) -> Crestline Consumer Products Pvt Ltd (fictional) | I55: 1 | J55: Active
A56: CG-3102 | B56: Dumbbell Pair 5kg | C56: Consumer Goods | D56: SET | E56: 9506.91 | F56: India | G56: SUP-003 | H56: =INDEX(Suppliers!$B$5:$B$12,MATCH(G56,Suppliers!$A$5:$A$12,0)) -> Crestline Consumer Products Pvt Ltd (fictional) | I56: 10.2 | J56: Active
A57: CG-3201 | B57: Toothbrush Soft 4-pack | C57: Consumer Goods | D57: PACK | E57: 9603.21 | F57: India | G57: SUP-003 | H57: =INDEX(Suppliers!$B$5:$B$12,MATCH(G57,Suppliers!$A$5:$A$12,0)) -> Crestline Consumer Products Pvt Ltd (fictional) | I57: 0.08 | J57: Active
A58: CG-3210 | B58: Hair Dryer 1800W | C58: Consumer Goods | D58: PCS | E58: 8516.31 | F58: India | G58: SUP-003 | H58: =INDEX(Suppliers!$B$5:$B$12,MATCH(G58,Suppliers!$A$5:$A$12,0)) -> Crestline Consumer Products Pvt Ltd (fictional) | I58: 0.7 | J58: Active
A59: CG-3301 | B59: Eau de Parfum 100ml | C59: Consumer Goods | D59: PCS | E59: 3303.00 | F59: India | G59: SUP-003 | H59: =INDEX(Suppliers!$B$5:$B$12,MATCH(G59,Suppliers!$A$5:$A$12,0)) -> Crestline Consumer Products Pvt Ltd (fictional) | I59: 0.4 | J59: Active
A60: CG-3310 | B60: Hand Cream 75ml | C60: Consumer Goods | D60: PCS | E60: 3304.99 | F60: India | G60: SUP-003 | H60: =INDEX(Suppliers!$B$5:$B$12,MATCH(G60,Suppliers!$A$5:$A$12,0)) -> Crestline Consumer Products Pvt Ltd (fictional) | I60: 0.09 | J60: Active
A61: CG-3320 | B61: Sunscreen SPF50 100ml | C61: Consumer Goods | D61: PCS | E61: 3304.99 | F61: India | G61: SUP-003 | H61: =INDEX(Suppliers!$B$5:$B$12,MATCH(G61,Suppliers!$A$5:$A$12,0)) -> Crestline Consumer Products Pvt Ltd (fictional) | I61: 0.12 | J61: Active
A62: CG-3330 | B62: Shampoo 400ml | C62: Consumer Goods | D62: PCS | E62: 3305.10 | F62: India | G62: SUP-003 | H62: =INDEX(Suppliers!$B$5:$B$12,MATCH(G62,Suppliers!$A$5:$A$12,0)) -> Crestline Consumer Products Pvt Ltd (fictional) | I62: 0.45 | J62: Active
A63: CG-3401 | B63: Compact Umbrella | C63: Consumer Goods | D63: PCS | E63: 6601.91 | F63: India | G63: SUP-003 | H63: =INDEX(Suppliers!$B$5:$B$12,MATCH(G63,Suppliers!$A$5:$A$12,0)) -> Crestline Consumer Products Pvt Ltd (fictional) | I63: 0.35 | J63: Active
A64: CG-3501 | B64: A5 Notebook Ruled 200p | C64: Consumer Goods | D64: PCS | E64: 4820.10 | F64: India | G64: SUP-003 | H64: =INDEX(Suppliers!$B$5:$B$12,MATCH(G64,Suppliers!$A$5:$A$12,0)) -> Crestline Consumer Products Pvt Ltd (fictional) | I64: 0.3 | J64: Active
A65: CG-3510 | B65: Ballpoint Pens Blue 10-pack | C65: Consumer Goods | D65: PACK | E65: 9608.10 | F65: India | G65: SUP-003 | H65: =INDEX(Suppliers!$B$5:$B$12,MATCH(G65,Suppliers!$A$5:$A$12,0)) -> Crestline Consumer Products Pvt Ltd (fictional) | I65: 0.1 | J65: Active
A66: CG-3601 | B66: Family Board Game | C66: Consumer Goods | D66: PCS | E66: 9504.90 | F66: India | G66: SUP-003 | H66: =INDEX(Suppliers!$B$5:$B$12,MATCH(G66,Suppliers!$A$5:$A$12,0)) -> Crestline Consumer Products Pvt Ltd (fictional) | I66: 0.9 | J66: Active
... A84: PK-6710 | B84: Tomato Paste 400g | C84: Packaged Goods | D84: PCS | E84: 2002.90 | F84: Italy | G84: SUP-007 | H84: =INDEX(Suppliers!$B$5:$B$12,MATCH(G84,Suppliers!$A$5:$A$12,0)) -> Desert Palm Foodstuff Trading LLC (fictional) | I84: 0.43 | J84: Active

Sheet Inbound_Emails
A1: ⚠ Synthetic data — created solely for POC demonstration. Not Transworld data. All suppliers, SKUs, shipments, emails and documents are fictional.
A2: STEP 2a – Table A: Inbound Emails (30 shipments, 1–14 Sep 2026)
A3: One email per shipment. 'Destination' is an illustrative Dubai DC, not an actual Transworld site. Email addresses use the reserved .example domain.
A4: Email_ID | B4: Shipment_ID | C4: Received (date & time) | D4: From | E4: Subject | F4: Supplier_ID | G4: Supplier_Name | H4: Origin_Country | I4: Destination | J4: PO_Number | K4: Attachments_Mentioned | L4: Attachments_Received | M4: Scenario (test design)
A5: SYN-EM-001 | B5: SYN-SH-001 | C5: 2026-09-01 15:03 | D5: shipping@brightlink.example | E5: FW: Shipping documents PO-SYN-7103 | F5: SUP-001 | G5: =INDEX(Suppliers!$B$5:$B$12,MATCH(F5,Suppliers!$A$5:$A$12,0)) -> Brightlink Electronics Co. (fictional) | H5: China | I5: Illustrative DC – Dubai, UAE | J5: PO-SYN-7103 | K5: 3 | L5: =COUNTIF(Documents!$C$5:$C$83,A5) -> 3 | M5: Clean – Test Case A
A6: SYN-EM-002 | B6: SYN-SH-002 | C6: 2026-09-01 14:18 | D6: shipping@crestline.example | E6: Docs attached – PO-SYN-7106 – ETA Dubai | F6: SUP-003 | G6: =INDEX(Suppliers!$B$5:$B$12,MATCH(F6,Suppliers!$A$5:$A$12,0)) -> Crestline Consumer Products Pvt Ltd (fictional) | H6: India | I6: Illustrative DC – Dubai, UAE | J6: PO-SYN-7106 | K6: 2 | L6: =COUNTIF(Documents!$C$5:$C$83,A6) -> 2 | M6: Clean
A7: SYN-EM-003 | B7: SYN-SH-003 | C7: 2026-09-01 09:47 | D7: shipping@voltix.example | E7: ASN / Packing list & invoice for PO PO-SYN-7109 | F7: SUP-006 | G7: =INDEX(Suppliers!$B$5:$B$12,MATCH(F7,Suppliers!$A$5:$A$12,0)) -> Voltix Components Sdn Bhd (fictional) | H7: Malaysia | I7: Illustrative DC – Dubai, UAE | J7: PO-SYN-7109 | K7: 2 | L7: =COUNTIF(Documents!$C$5:$C$83,A7) -> 2 | M7: Clean; UOM 'Pieces' (Case 6)
A8: SYN-EM-004 | B8: SYN-SH-004 | C8: 2026-09-02 16:45 | D8: shipping@brightlink.example | E8: FW: Shipping documents PO-SYN-7112 | F8: SUP-001 | G8: =INDEX(Suppliers!$B$5:$B$12,MATCH(F8,Suppliers!$A$5:$A$12,0)) -> Brightlink Electronics Co. (fictional) | H8: China | I8: Illustrative DC – Dubai, UAE | J8: PO-SYN-7112 | K8: 3 | L8: =COUNTIF(Documents!$C$5:$C$83,A8) -> 3 | M8: Description variation (Case 2)
A9: SYN-EM-005 | B9: SYN-SH-005 | C9: 2026-09-02 09:02 | D9: shipping@desertpalm.example | E9: Docs attached – PO-SYN-7115 – ETA Dubai | F9: SUP-007 | G9: =INDEX(Suppliers!$B$5:$B$12,MATCH(F9,Suppliers!$A$5:$A$12,0)) -> Desert Palm Foodstuff Trading LLC (fictional) | H9: UAE | I9: Illustrative DC – Dubai, UAE | J9: PO-SYN-7115 | K9: 4 | L9: =COUNTIF(Documents!$C$5:$C$83,A9) -> 4 | M9: Clean
A10: SYN-EM-006 | B10: SYN-SH-006 | C10: 2026-09-02 13:22 | D10: shipping@brightlink.example | E10: RE: Dispatch confirmation PO PO-SYN-7118 | F10: SUP-001 | G10: =INDEX(Suppliers!$B$5:$B$12,MATCH(F10,Suppliers!$A$5:$A$12,0)) -> Brightlink Electronics Co. (fictional) | H10: China | I10: Illustrative DC – Dubai, UAE | J10: PO-SYN-7118 | K10: 2 | L10: =COUNTIF(Documents!$C$5:$C$83,A10) -> 2 | M10: Clean
A11: SYN-EM-007 | B11: SYN-SH-007 | C11: 2026-09-03 08:14 | D11: shipping@greenleaf.example | E11: RE: Dispatch confirmation PO PO-SYN-7121 | F11: SUP-005 | G11: =INDEX(Suppliers!$B$5:$B$12,MATCH(F11,Suppliers!$A$5:$A$12,0)) -> Greenleaf Foods JSC (fictional) | H11: Vietnam | I11: Illustrative DC – Dubai, UAE | J11: PO-SYN-7121 | K11: 3 | L11: =COUNTIF(Documents!$C$5:$C$83,A11) -> 3 | M11: Clean (scan quality issue)
A12: SYN-EM-008 | B12: SYN-SH-008 | C12: 2026-09-03 13:22 | D12: shipping@voltix.example | E12: FW: Shipping documents PO-SYN-7124 | F12: SUP-006 | G12: =INDEX(Suppliers!$B$5:$B$12,MATCH(F12,Suppliers!$A$5:$A$12,0)) -> Voltix Components Sdn Bhd (fictional) | H12: Malaysia | I12: Illustrative DC – Dubai, UAE | J12: PO-SYN-7124 | K12: 3 | L12: =COUNTIF(Documents!$C$5:$C$83,A12) -> 3 | M12: New SKU – Test Case B (Case 3)
A13: SYN-EM-009 | B13: SYN-SH-009 | C13: 2026-09-03 11:05 | D13: shipping@brightlink.example | E13: Docs attached – PO-SYN-7127 – ETA Dubai | F13: SUP-001 | G13: =INDEX(Suppliers!$B$5:$B$12,MATCH(F13,Suppliers!$A$5:$A$12,0)) -> Brightlink Electronics Co. (fictional) | H13: China | I13: Illustrative DC – Dubai, UAE | J13: PO-SYN-7127 | K13: 2 | L13: =COUNTIF(Documents!$C$5:$C$83,A13) -> 2 | M13: Description variation; UOM 'Pc' (Cases 2,6)
A14: SYN-EM-010 | B14: SYN-SH-010 | C14: 2026-09-04 16:45 | D14: shipping@everhome.example | E14: Docs attached – PO-SYN-7130 – ETA Dubai | F14: SUP-002 | G14: =INDEX(Suppliers!$B$5:$B$12,MATCH(F14,Suppliers!$A$5:$A$12,0)) -> Everhome Housewares Ltd (fictional) | H14: China | I14: Illustrative DC – Dubai, UAE | J14: PO-SYN-7130 | K14: 3 | L14: =COUNTIF(Documents!$C$5:$C$83,A14) -> 3 | M14: Clean
A15: SYN-EM-011 | B15: SYN-SH-011 | C15: 2026-09-04 16:45 | D15: shipping@brightlink.example | E15: ASN / Packing list & invoice for PO PO-SYN-7133 | F15: SUP-001 | G15: =INDEX(Suppliers!$B$5:$B$12,MATCH(F15,Suppliers!$A$5:$A$12,0)) -> Brightlink Electronics Co. (fictional) | H15: China | I15: Illustrative DC – Dubai, UAE | J15: PO-SYN-7133 | K15: 3 | L15: =COUNTIF(Documents!$C$5:$C$83,A15) -> 3 | M15: Ambiguous SKU – Test Case C (Case 4)
A16: SYN-EM-012 | B16: SYN-SH-012 | C16: 2026-09-04 08:14 | D16: shipping@anka.example | E16: Docs attached – PO-SYN-7136 – ETA Dubai | F16: SUP-004 | G16: =INDEX(Suppliers!$B$5:$B$12,MATCH(F16,Suppliers!$A$5:$A$12,0)) -> Anka Accessories Trading (fictional) | H16: Turkey | I16: Illustrative DC – Dubai, UAE | J16: PO-SYN-7136 | K16: 3 | L16: =COUNTIF(Documents!$C$5:$C$83,A16) -> 3 | M16: Clean (scanned COO)
... A34: SYN-EM-030 | B34: SYN-SH-030 | C34: 2026-09-14 11:05 | D34: shipping@desertpalm.example | E34: FW: Shipping documents PO-SYN-7190 | F34: SUP-007 | G34: =INDEX(Suppliers!$B$5:$B$12,MATCH(F34,Suppliers!$A$5:$A$12,0)) -> Desert Palm Foodstuff Trading LLC (fictional) | H34: UAE | I34: Illustrative DC – Dubai, UAE | J34: PO-SYN-7190 | K34: 3 | L34: =COUNTIF(Documents!$C$5:$C$83,A34) -> 3 | M34: Clean

Sheet Documents
A1: ⚠ Synthetic data — created solely for POC demonstration. Not Transworld data. All suppliers, SKUs, shipments, emails and documents are fictional.
A2: STEP 2b – Table B: Documents / Attachments (79) with classification ground truth
A3: Column colours: Dark blue = data as received (input) | Green = GROUND TRUTH (known correct answer) | Blue = SIMULATED AI OUTPUT | Orange = TEST RESULT (formula: AI vs ground truth)
A4: Doc_ID | B4: Shipment_ID | C4: Email_ID | D4: File_Name (as received) | E4: Pages | F4: Doc_Total_Gross_Weight (kg) | G4: GT_Document_Type | H4: GT_Relevant | I4: GT_Completeness | J4: AI_Document_Type | K4: AI_Class_Confidence | L4: AI_Action | M4: Classification_Correct (1/0)
A5: SYN-PL-001 | B5: SYN-SH-001 | C5: SYN-EM-001 | D5: Packing_List_4401.pdf | E5: 2 | F5: 945 | G5: Packing List | H5: Yes | I5: Complete | J5: Packing List | K5: 0.94 | L5: =IF(K5<Decision_Rules!$C$5,"Human confirm","Auto") -> Auto | M5: =IF(G5=J5,1,0) -> 1
A6: SYN-CI-001 | B6: SYN-SH-001 | C6: SYN-EM-001 | D6: CI 7701.pdf | E6: 1 | F6: 945 | G6: Commercial Invoice | H6: Yes | I6: Complete | J6: Commercial Invoice | K6: 0.96 | L6: =IF(K6<Decision_Rules!$C$5,"Human confirm","Auto") -> Auto | M6: =IF(G6=J6,1,0) -> 1
A7: SYN-COO-001 | B7: SYN-SH-001 | C7: SYN-EM-001 | D7: Certificate_of_Origin_001.pdf | E7: 1 | G7: Certificate of Origin | H7: Yes | I7: Complete | J7: Certificate of Origin | K7: 0.99 | L7: =IF(K7<Decision_Rules!$C$5,"Human confirm","Auto") -> Auto | M7: =IF(G7=J7,1,0) -> 1
A8: SYN-PL-002 | B8: SYN-SH-002 | C8: SYN-EM-002 | D8: Packing_List_4402.pdf | E8: 1 | F8: 2548 | G8: Packing List | H8: Yes | I8: Complete | J8: Packing List | K8: 0.99 | L8: =IF(K8<Decision_Rules!$C$5,"Human confirm","Auto") -> Auto | M8: =IF(G8=J8,1,0) -> 1
A9: SYN-CI-002 | B9: SYN-SH-002 | C9: SYN-EM-002 | D9: Invoice_7702.pdf | E9: 1 | F9: 2548 | G9: Commercial Invoice | H9: Yes | I9: Complete | J9: Commercial Invoice | K9: 0.95 | L9: =IF(K9<Decision_Rules!$C$5,"Human confirm","Auto") -> Auto | M9: =IF(G9=J9,1,0) -> 1
A10: SYN-PL-003 | B10: SYN-SH-003 | C10: SYN-EM-003 | D10: Packing_List_4403.pdf | E10: 2 | F10: 175 | G10: Packing List | H10: Yes | I10: Complete | J10: Packing List | K10: 0.98 | L10: =IF(K10<Decision_Rules!$C$5,"Human confirm","Auto") -> Auto | M10: =IF(G10=J10,1,0) -> 1
A11: SYN-CI-003 | B11: SYN-SH-003 | C11: SYN-EM-003 | D11: Invoice_7703.pdf | E11: 1 | F11: 175 | G11: Commercial Invoice | H11: Yes | I11: Complete | J11: Commercial Invoice | K11: 0.97 | L11: =IF(K11<Decision_Rules!$C$5,"Human confirm","Auto") -> Auto | M11: =IF(G11=J11,1,0) -> 1
A12: SYN-PL-004 | B12: SYN-SH-004 | C12: SYN-EM-004 | D12: Packing_List_4404.pdf | E12: 2 | F12: 196.8 | G12: Packing List | H12: Yes | I12: Complete | J12: Packing List | K12: 0.94 | L12: =IF(K12<Decision_Rules!$C$5,"Human confirm","Auto") -> Auto | M12: =IF(G12=J12,1,0) -> 1
A13: SYN-CI-004 | B13: SYN-SH-004 | C13: SYN-EM-004 | D13: Invoice_7704.pdf | E13: 1 | F13: 196.8 | G13: Commercial Invoice | H13: Yes | I13: Complete | J13: Commercial Invoice | K13: 0.95 | L13: =IF(K13<Decision_Rules!$C$5,"Human confirm","Auto") -> Auto | M13: =IF(G13=J13,1,0) -> 1
A14: SYN-COO-004 | B14: SYN-SH-004 | C14: SYN-EM-004 | D14: Certificate_of_Origin_004.pdf | E14: 1 | G14: Certificate of Origin | H14: Yes | I14: Complete | J14: Certificate of Origin | K14: 0.96 | L14: =IF(K14<Decision_Rules!$C$5,"Human confirm","Auto") -> Auto | M14: =IF(G14=J14,1,0) -> 1
A15: SYN-PL-005 | B15: SYN-SH-005 | C15: SYN-EM-005 | D15: Packing_List_4405.pdf | E15: 2 | F15: 3895 | G15: Packing List | H15: Yes | I15: Complete | J15: Packing List | K15: 0.98 | L15: =IF(K15<Decision_Rules!$C$5,"Human confirm","Auto") -> Auto | M15: =IF(G15=J15,1,0) -> 1
A16: SYN-CI-005 | B16: SYN-SH-005 | C16: SYN-EM-005 | D16: CI 7705.pdf | E16: 1 | F16: 3895 | G16: Commercial Invoice | H16: Yes | I16: Complete | J16: Commercial Invoice | K16: 0.97 | L16: =IF(K16<Decision_Rules!$C$5,"Human confirm","Auto") -> Auto | M16: =IF(G16=J16,1,0) -> 1
A17: SYN-BOE-005 | B17: SYN-SH-005 | C17: SYN-EM-005 | D17: BOE_2026090005.pdf | E17: 2 | G17: Bill of Entry | H17: Yes | I17: Complete | J17: Bill of Entry | K17: 0.97 | L17: =IF(K17<Decision_Rules!$C$5,"Human confirm","Auto") -> Auto | M17: =IF(G17=J17,1,0) -> 1
A18: SYN-OTH-005 | B18: SYN-SH-005 | C18: SYN-EM-005 | D18: Company_Newsletter_Sep.pdf | E18: 4 | G18: Not Relevant | H18: No | I18: n/a | J18: Not Relevant | K18: 0.93 | L18: =IF(K18<Decision_Rules!$C$5,"Human confirm","Auto") -> Auto | M18: =IF(G18=J18,1,0) -> 1
A19: SYN-PL-006 | B19: SYN-SH-006 | C19: SYN-EM-006 | D19: Packing_List_4406.pdf | E19: 1 | F19: 900 | G19: Packing List | H19: Yes | I19: Complete | J19: Packing List | K19: 0.98 | L19: =IF(K19<Decision_Rules!$C$5,"Human confirm","Auto") -> Auto | M19: =IF(G19=J19,1,0) -> 1
A20: SYN-CI-006 | B20: SYN-SH-006 | C20: SYN-EM-006 | D20: Commercial Invoice 7706.pdf | E20: 1 | F20: 900 | G20: Commercial Invoice | H20: Yes | I20: Complete | J20: Commercial Invoice | K20: 0.95 | L20: =IF(K20<Decision_Rules!$C$5,"Human confirm","Auto") -> Auto | M20: =IF(G20=J20,1,0) -> 1
A21: SYN-PL-007 | B21: SYN-SH-007 | C21: SYN-EM-007 | D21: PL-4407.pdf | E21: 2 | F21: 474 | G21: Packing List | H21: Yes | I21: Complete | J21: Packing List | K21: 0.96 | L21: =IF(K21<Decision_Rules!$C$5,"Human confirm","Auto") -> Auto | M21: =IF(G21=J21,1,0) -> 1
A22: SYN-CI-007 | B22: SYN-SH-007 | C22: SYN-EM-007 | D22: Invoice_7707.pdf | E22: 1 | F22: 474 | G22: Commercial Invoice | H22: Yes | I22: Complete | J22: Commercial Invoice | K22: 0.95 | L22: =IF(K22<Decision_Rules!$C$5,"Human confirm","Auto") -> Auto | M22: =IF(G22=J22,1,0) -> 1
A23: SYN-COO-007 | B23: SYN-SH-007 | C23: SYN-EM-007 | D23: Certificate_of_Origin_007.pdf | E23: 1 | G23: Certificate of Origin | H23: Yes | I23: Complete | J23: Certificate of Origin | K23: 0.99 | L23: =IF(K23<Decision_Rules!$C$5,"Human confirm","Auto") -> Auto | M23: =IF(G23=J23,1,0) -> 1
A24: SYN-PL-008 | B24: SYN-SH-008 | C24: SYN-EM-008 | D24: Packing_List_4408.pdf | E24: 1 | F24: 293 | G24: Packing List | H24: Yes | I24: Complete | J24: Packing List | K24: 0.94 | L24: =IF(K24<Decision_Rules!$C$5,"Human confirm","Auto") -> Auto | M24: =IF(G24=J24,1,0) -> 1
A25: SYN-CI-008 | B25: SYN-SH-008 | C25: SYN-EM-008 | D25: CI 7708.pdf | E25: 1 | F25: 293 | G25: Commercial Invoice | H25: Yes | I25: Complete | J25: Commercial Invoice | K25: 0.99 | L25: =IF(K25<Decision_Rules!$C$5,"Human confirm","Auto") -> Auto | M25: =IF(G25=J25,1,0) -> 1
A26: SYN-COO-008 | B26: SYN-SH-008 | C26: SYN-EM-008 | D26: Certificate_of_Origin_008.pdf | E26: 1 | G26: Certificate of Origin | H26: Yes | I26: Complete | J26: Certificate of Origin | K26: 0.98 | L26: =IF(K26<Decision_Rules!$C$5,"Human confirm","Auto") -> Auto | M26: =IF(G26=J26,1,0) -> 1
A27: SYN-PL-009 | B27: SYN-SH-009 | C27: SYN-EM-009 | D27: packinglist 4409.pdf | E27: 1 | F27: 118 | G27: Packing List | H27: Yes | I27: Complete | J27: Packing List | K27: 0.95 | L27: =IF(K27<Decision_Rules!$C$5,"Human confirm","Auto") -> Auto | M27: =IF(G27=J27,1,0) -> 1
A28: SYN-CI-009 | B28: SYN-SH-009 | C28: SYN-EM-009 | D28: CI 7709.pdf | E28: 1 | F28: 118 | G28: Commercial Invoice | H28: Yes | I28: Complete | J28: Commercial Invoice | K28: 0.98 | L28: =IF(K28<Decision_Rules!$C$5,"Human confirm","Auto") -> Auto | M28: =IF(G28=J28,1,0) -> 1
A29: SYN-PL-010 | B29: SYN-SH-010 | C29: SYN-EM-010 | D29: Packing_List_4410.pdf | E29: 2 | F29: 782.5 | G29: Packing List | H29: Yes | I29: Complete | J29: Packing List | K29: 0.97 | L29: =IF(K29<Decision_Rules!$C$5,"Human confirm","Auto") -> Auto | M29: =IF(G29=J29,1,0) -> 1
A30: SYN-CI-010 | B30: SYN-SH-010 | C30: SYN-EM-010 | D30: Commercial Invoice 7710.pdf | E30: 1 | F30: 782.5 | G30: Commercial Invoice | H30: Yes | I30: Complete | J30: Commercial Invoice | K30: 0.96 | L30: =IF(K30<Decision_Rules!$C$5,"Human confirm","Auto") -> Auto | M30: =IF(G30=J30,1,0) -> 1
A31: SYN-BOE-010 | B31: SYN-SH-010 | C31: SYN-EM-010 | D31: BOE_2026090010.pdf | E31: 2 | G31: Bill of Entry | H31: Yes | I31: Complete | J31: Bill of Entry | K31: 0.97 | L31: =IF(K31<Decision_Rules!$C$5,"Human confirm","Auto") -> Auto | M31: =IF(G31=J31,1,0) -> 1
A32: SYN-PL-011 | B32: SYN-SH-011 | C32: SYN-EM-011 | D32: packinglist 4411.pdf | E32: 1 | F32: 1495 | G32: Packing List | H32: Yes | I32: Complete | J32: Packing List | K32: 0.99 | L32: =IF(K32<Decision_Rules!$C$5,"Human confirm","Auto") -> Auto | M32: =IF(G32=J32,1,0) -> 1
A33: SYN-CI-011 | B33: SYN-SH-011 | C33: SYN-EM-011 | D33: CI 7711.pdf | E33: 1 | F33: 1495 | G33: Commercial Invoice | H33: Yes | I33: Complete | J33: Commercial Invoice | K33: 0.94 | L33: =IF(K33<Decision_Rules!$C$5,"Human confirm","Auto") -> Auto | M33: =IF(G33=J33,1,0) -> 1
A34: SYN-COO-011 | B34: SYN-SH-011 | C34: SYN-EM-011 | D34: Certificate_of_Origin_011.pdf | E34: 1 | G34: Certificate of Origin | H34: Yes | I34: Complete | J34: Certificate of Origin | K34: 0.97 | L34: =IF(K34<Decision_Rules!$C$5,"Human confirm","Auto") -> Auto | M34: =IF(G34=J34,1,0) -> 1
A35: SYN-PL-012 | B35: SYN-SH-012 | C35: SYN-EM-012 | D35: packinglist 4412.pdf | E35: 1 | F35: 60.3 | G35: Packing List | H35: Yes | I35: Complete | J35: Packing List | K35: 0.98 | L35: =IF(K35<Decision_Rules!$C$5,"Human confirm","Auto") -> Auto | M35: =IF(G35=J35,1,0) -> 1
A36: SYN-CI-012 | B36: SYN-SH-012 | C36: SYN-EM-012 | D36: Commercial Invoice 7712.pdf | E36: 1 | F36: 60.3 | G36: Commercial Invoice | H36: Yes | I36: Complete | J36: Commercial Invoice | K36: 0.98 | L36: =IF(K36<Decision_Rules!$C$5,"Human confirm","Auto") -> Auto | M36: =IF(G36=J36,1,0) -> 1
A37: SYN-COO-012 | B37: SYN-SH-012 | C37: SYN-EM-012 | D37: scan_0912.pdf | E37: 1 | G37: Certificate of Origin | H37: Yes | I37: Complete | J37: Commercial Invoice | K37: 0.66 | L37: =IF(K37<Decision_Rules!$C$5,"Human confirm","Auto") -> Human confirm | M37: =IF(G37=J37,1,0) -> 0
A38: SYN-PL-013 | B38: SYN-SH-013 | C38: SYN-EM-013 | D38: packinglist 4413.pdf | E38: 2 | F38: 403 | G38: Packing List | H38: Yes | I38: Incomplete – quantity blank on 1 line | J38: Packing List | K38: 0.96 | L38: =IF(K38<Decision_Rules!$C$5,"Human confirm","Auto") -> Auto | M38: =IF(G38=J38,1,0) -> 1
A39: SYN-CI-013 | B39: SYN-SH-013 | C39: SYN-EM-013 | D39: Commercial Invoice 7713.pdf | E39: 1 | F39: 403 | G39: Commercial Invoice | H39: Yes | I39: Complete | J39: Commercial Invoice | K39: 0.95 | L39: =IF(K39<Decision_Rules!$C$5,"Human confirm","Auto") -> Auto | M39: =IF(G39=J39,1,0) -> 1
A40: SYN-PL-014 | B40: SYN-SH-014 | C40: SYN-EM-014 | D40: Packing_List_4414.pdf | E40: 1 | F40: 350 | G40: Packing List | H40: Yes | I40: Complete | J40: Packing List | K40: 0.98 | L40: =IF(K40<Decision_Rules!$C$5,"Human confirm","Auto") -> Auto | M40: =IF(G40=J40,1,0) -> 1
A41: SYN-CI-014 | B41: SYN-SH-014 | C41: SYN-EM-014 | D41: Invoice_7714.pdf | E41: 1 | F41: 350 | G41: Commercial Invoice | H41: Yes | I41: Complete | J41: Commercial Invoice | K41: 0.99 | L41: =IF(K41<Decision_Rules!$C$5,"Human confirm","Auto") -> Auto | M41: =IF(G41=J41,1,0) -> 1
A42: SYN-PL-015 | B42: SYN-SH-015 | C42: SYN-EM-015 | D42: packinglist 4415.pdf | E42: 1 | F42: 1072 | G42: Packing List | H42: Yes | I42: Complete | J42: Packing List | K42: 0.99 | L42: =IF(K42<Decision_Rules!$C$5,"Human confirm","Auto") -> Auto | M42: =IF(G42=J42,1,0) -> 1
A43: SYN-CI-015 | B43: SYN-SH-015 | C43: SYN-EM-015 | D43: Commercial Invoice 7715.pdf | E43: 1 | F43: 1072 | G43: Commercial Invoice | H43: Yes | I43: Complete | J43: Commercial Invoice | K43: 0.96 | L43: =IF(K43<Decision_Rules!$C$5,"Human confirm","Auto") -> Auto | M43: =IF(G43=J43,1,0) -> 1
A44: SYN-OTH-015 | B44: SYN-SH-015 | C44: SYN-EM-015 | D44: Supplier_Price_List_Q4.pdf | E44: 3 | G44: Not Relevant | H44: No | I44: n/a | J44: Commercial Invoice | K44: 0.61 | L44: =IF(K44<Decision_Rules!$C$5,"Human confirm","Auto") -> Human confirm | M44: =IF(G44=J44,1,0) -> 0
A45: SYN-PL-016 | B45: SYN-SH-016 | C45: SYN-EM-016 | D45: PL-4416.pdf | E45: 1 | F45: 442 | G45: Packing List | H45: Yes | I45: Complete | J45: Packing List | K45: 0.97 | L45: =IF(K45<Decision_Rules!$C$5,"Human confirm","Auto") -> Auto | M45: =IF(G45=J45,1,0) -> 1
A46: SYN-PL-017 | B46: SYN-SH-017 | C46: SYN-EM-017 | D46: Packing_List_4417.pdf | E46: 1 | F46: 766.5 | G46: Packing List | H46: Yes | I46: Complete | J46: Packing List | K46: 0.98 | L46: =IF(K46<Decision_Rules!$C$5,"Human confirm","Auto") -> Auto | M46: =IF(G46=J46,1,0) -> 1
A47: SYN-CI-017 | B47: SYN-SH-017 | C47: SYN-EM-017 | D47: Invoice_7717.pdf | E47: 1 | F47: 766.5 | G47: Commercial Invoice | H47: Yes | I47: Complete | J47: Commercial Invoice | K47: 0.96 | L47: =IF(K47<Decision_Rules!$C$5,"Human confirm","Auto") -> Auto | M47: =IF(G47=J47,1,0) -> 1
A48: SYN-BOE-017 | B48: SYN-SH-017 | C48: SYN-EM-017 | D48: BOE_2026090017.pdf | E48: 2 | G48: Bill of Entry | H48: Yes | I48: Complete | J48: Bill of Entry | K48: 0.98 | L48: =IF(K48<Decision_Rules!$C$5,"Human confirm","Auto") -> Auto | M48: =IF(G48=J48,1,0) -> 1
A49: SYN-PL-018 | B49: SYN-SH-018 | C49: SYN-EM-018 | D49: Packing_List_4418.pdf | E49: 1 | F49: 418 | G49: Packing List | H49: Yes | I49: Complete | J49: Packing List | K49: 0.96 | L49: =IF(K49<Decision_Rules!$C$5,"Human confirm","Auto") -> Auto | M49: =IF(G49=J49,1,0) -> 1
A50: SYN-CI-018 | B50: SYN-SH-018 | C50: SYN-EM-018 | D50: Commercial Invoice 7718.pdf | E50: 1 | F50: 418 | G50: Commercial Invoice | H50: Yes | I50: Complete | J50: Commercial Invoice | K50: 0.99 | L50: =IF(K50<Decision_Rules!$C$5,"Human confirm","Auto") -> Auto | M50: =IF(G50=J50,1,0) -> 1
A51: SYN-COO-018 | B51: SYN-SH-018 | C51: SYN-EM-018 | D51: Certificate_of_Origin_018.pdf | E51: 1 | G51: Certificate of Origin | H51: Yes | I51: Complete | J51: Certificate of Origin | K51: 0.99 | L51: =IF(K51<Decision_Rules!$C$5,"Human confirm","Auto") -> Auto | M51: =IF(G51=J51,1,0) -> 1
A52: SYN-PL-019 | B52: SYN-SH-019 | C52: SYN-EM-019 | D52: Packing_List_4419.pdf | E52: 1 | F52: 388.2 | G52: Packing List | H52: Yes | I52: Complete | J52: Packing List | K52: 0.98 | L52: =IF(K52<Decision_Rules!$C$5,"Human confirm","Auto") -> Auto | M52: =IF(G52=J52,1,0) -> 1
A53: SYN-CI-019 | B53: SYN-SH-019 | C53: SYN-EM-019 | D53: CI 7719.pdf | E53: 1 | F53: 388.2 | G53: Commercial Invoice | H53: Yes | I53: Complete | J53: Commercial Invoice | K53: 0.99 | L53: =IF(K53<Decision_Rules!$C$5,"Human confirm","Auto") -> Auto | M53: =IF(G53=J53,1,0) -> 1
A54: SYN-PL-020 | B54: SYN-SH-020 | C54: SYN-EM-020 | D54: PL-4420.pdf | E54: 1 | F54: 60.5 | G54: Packing List | H54: Yes | I54: Complete | J54: Packing List | K54: 0.94 | L54: =IF(K54<Decision_Rules!$C$5,"Human confirm","Auto") -> Auto | M54: =IF(G54=J54,1,0) -> 1
A55: SYN-CI-020 | B55: SYN-SH-020 | C55: SYN-EM-020 | D55: Invoice_7720.pdf | E55: 1 | F55: 60.5 | G55: Commercial Invoice | H55: Yes | I55: Complete | J55: Commercial Invoice | K55: 0.99 | L55: =IF(K55<Decision_Rules!$C$5,"Human confirm","Auto") -> Auto | M55: =IF(G55=J55,1,0) -> 1
A56: SYN-OTH-020 | B56: SYN-SH-020 | C56: SYN-EM-020 | D56: email_signature_logo.png | E56: 1 | G56: Not Relevant | H56: No | I56: n/a | J56: Not Relevant | K56: 0.99 | L56: =IF(K56<Decision_Rules!$C$5,"Human confirm","Auto") -> Auto | M56: =IF(G56=J56,1,0) -> 1
A57: SYN-PL-021 | B57: SYN-SH-021 | C57: SYN-EM-021 | D57: PL-4421.pdf | E57: 1 | F57: 422 | G57: Packing List | H57: Yes | I57: Complete | J57: Packing List | K57: 0.99 | L57: =IF(K57<Decision_Rules!$C$5,"Human confirm","Auto") -> Auto | M57: =IF(G57=J57,1,0) -> 1
A58: SYN-CI-021 | B58: SYN-SH-021 | C58: SYN-EM-021 | D58: Commercial Invoice 7721.pdf | E58: 1 | F58: 422 | G58: Commercial Invoice | H58: Yes | I58: Complete | J58: Commercial Invoice | K58: 0.97 | L58: =IF(K58<Decision_Rules!$C$5,"Human confirm","Auto") -> Auto | M58: =IF(G58=J58,1,0) -> 1
A59: SYN-BOE-021 | B59: SYN-SH-021 | C59: SYN-EM-021 | D59: BOE_2026090021.pdf | E59: 2 | G59: Bill of Entry | H59: Yes | I59: Complete | J59: Bill of Entry | K59: 0.99 | L59: =IF(K59<Decision_Rules!$C$5,"Human confirm","Auto") -> Auto | M59: =IF(G59=J59,1,0) -> 1
A60: SYN-PL-022 | B60: SYN-SH-022 | C60: SYN-EM-022 | D60: PL-4422.pdf | E60: 1 | F60: 979 | G60: Packing List | H60: Yes | I60: Complete | J60: Packing List | K60: 0.94 | L60: =IF(K60<Decision_Rules!$C$5,"Human confirm","Auto") -> Auto | M60: =IF(G60=J60,1,0) -> 1
A61: SYN-CI-022 | B61: SYN-SH-022 | C61: SYN-EM-022 | D61: CI 7722.pdf | E61: 1 | F61: 979 | G61: Commercial Invoice | H61: Yes | I61: Complete | J61: Commercial Invoice | K61: 0.99 | L61: =IF(K61<Decision_Rules!$C$5,"Human confirm","Auto") -> Auto | M61: =IF(G61=J61,1,0) -> 1
A62: SYN-COO-022 | B62: SYN-SH-022 | C62: SYN-EM-022 | D62: Certificate_of_Origin_022.pdf | E62: 1 | G62: Certificate of Origin | H62: Yes | I62: Complete | J62: Certificate of Origin | K62: 0.94 | L62: =IF(K62<Decision_Rules!$C$5,"Human confirm","Auto") -> Auto | M62: =IF(G62=J62,1,0) -> 1
A63: SYN-PL-023 | B63: SYN-SH-023 | C63: SYN-EM-023 | D63: packinglist 4423.pdf | E63: 1 | F63: 6957 | G63: Packing List | H63: Yes | I63: Complete | J63: Packing List | K63: 0.96 | L63: =IF(K63<Decision_Rules!$C$5,"Human confirm","Auto") -> Auto | M63: =IF(G63=J63,1,0) -> 1
A64: SYN-CI-023 | B64: SYN-SH-023 | C64: SYN-EM-023 | D64: Invoice_7723.pdf | E64: 1 | F64: 6957 | G64: Commercial Invoice | H64: Yes | I64: Complete | J64: Commercial Invoice | K64: 0.95 | L64: =IF(K64<Decision_Rules!$C$5,"Human confirm","Auto") -> Auto | M64: =IF(G64=J64,1,0) -> 1
A65: SYN-BOE-023 | B65: SYN-SH-023 | C65: SYN-EM-023 | D65: BOE_2026090023.pdf | E65: 2 | G65: Bill of Entry | H65: Yes | I65: Complete | J65: Bill of Entry | K65: 0.99 | L65: =IF(K65<Decision_Rules!$C$5,"Human confirm","Auto") -> Auto | M65: =IF(G65=J65,1,0) -> 1
A66: SYN-PL-024 | B66: SYN-SH-024 | C66: SYN-EM-024 | D66: packinglist 4424.pdf | E66: 1 | F66: 1442 | G66: Packing List | H66: Yes | I66: Complete | J66: Packing List | K66: 0.96 | L66: =IF(K66<Decision_Rules!$C$5,"Human confirm","Auto") -> Auto | M66: =IF(G66=J66,1,0) -> 1
A67: SYN-CI-024 | B67: SYN-SH-024 | C67: SYN-EM-024 | D67: Commercial Invoice 7724.pdf | E67: 1 | F67: 1442 | G67: Commercial Invoice | H67: Yes | I67: Complete | J67: Commercial Invoice | K67: 0.96 | L67: =IF(K67<Decision_Rules!$C$5,"Human confirm","Auto") -> Auto | M67: =IF(G67=J67,1,0) -> 1
A68: SYN-PL-025 | B68: SYN-SH-025 | C68: SYN-EM-025 | D68: Packing_List_4425.pdf | E68: 1 | F68: 241 | G68: Packing List | H68: Yes | I68: Complete | J68: Packing List | K68: 0.95 | L68: =IF(K68<Decision_Rules!$C$5,"Human confirm","Auto") -> Auto | M68: =IF(G68=J68,1,0) -> 1
A69: SYN-CI-025 | B69: SYN-SH-025 | C69: SYN-EM-025 | D69: Commercial Invoice 7725.pdf | E69: 1 | F69: 256.2 | G69: Commercial Invoice | H69: Yes | I69: Complete | J69: Commercial Invoice | K69: 0.98 | L69: =IF(K69<Decision_Rules!$C$5,"Human confirm","Auto") -> Auto | M69: =IF(G69=J69,1,0) -> 1
A70: SYN-BOE-025 | B70: SYN-SH-025 | C70: SYN-EM-025 | D70: BOE_2026090025.pdf | E70: 2 | G70: Bill of Entry | H70: Yes | I70: Complete | J70: Bill of Entry | K70: 0.95 | L70: =IF(K70<Decision_Rules!$C$5,"Human confirm","Auto") -> Auto | M70: =IF(G70=J70,1,0) -> 1
A71: SYN-PL-026 | B71: SYN-SH-026 | C71: SYN-EM-026 | D71: packinglist 4426.pdf | E71: 2 | F71: 447 | G71: Packing List | H71: Yes | I71: Complete | J71: Packing List | K71: 0.98 | L71: =IF(K71<Decision_Rules!$C$5,"Human confirm","Auto") -> Auto | M71: =IF(G71=J71,1,0) -> 1
A72: SYN-CI-026 | B72: SYN-SH-026 | C72: SYN-EM-026 | D72: CI 7726.pdf | E72: 1 | F72: 447 | G72: Commercial Invoice | H72: Yes | I72: Complete | J72: Commercial Invoice | K72: 0.94 | L72: =IF(K72<Decision_Rules!$C$5,"Human confirm","Auto") -> Auto | M72: =IF(G72=J72,1,0) -> 1
A73: SYN-COO-026 | B73: SYN-SH-026 | C73: SYN-EM-026 | D73: Certificate_of_Origin_026.pdf | E73: 1 | G73: Certificate of Origin | H73: Yes | I73: Complete | J73: Certificate of Origin | K73: 0.99 | L73: =IF(K73<Decision_Rules!$C$5,"Human confirm","Auto") -> Auto | M73: =IF(G73=J73,1,0) -> 1
A74: SYN-PL-027 | B74: SYN-SH-027 | C74: SYN-EM-027 | D74: PL-4427.pdf | E74: 2 | F74: 600 | G74: Packing List | H74: Yes | I74: Complete | J74: Packing List | K74: 0.98 | L74: =IF(K74<Decision_Rules!$C$5,"Human confirm","Auto") -> Auto | M74: =IF(G74=J74,1,0) -> 1
A75: SYN-CI-027 | B75: SYN-SH-027 | C75: SYN-EM-027 | D75: Invoice_7727.pdf | E75: 1 | F75: 600 | G75: Commercial Invoice | H75: Yes | I75: Complete | J75: Commercial Invoice | K75: 0.98 | L75: =IF(K75<Decision_Rules!$C$5,"Human confirm","Auto") -> Auto | M75: =IF(G75=J75,1,0) -> 1
A76: SYN-PL-028 | B76: SYN-SH-028 | C76: SYN-EM-028 | D76: packinglist 4428.pdf | E76: 2 | F76: 419.6 | G76: Packing List | H76: Yes | I76: Complete | J76: Packing List | K76: 0.96 | L76: =IF(K76<Decision_Rules!$C$5,"Human confirm","Auto") -> Auto | M76: =IF(G76=J76,1,0) -> 1
A77: SYN-CI-028 | B77: SYN-SH-028 | C77: SYN-EM-028 | D77: Commercial Invoice 7728.pdf | E77: 1 | F77: 419.6 | G77: Commercial Invoice | H77: Yes | I77: Complete | J77: Commercial Invoice | K77: 0.97 | L77: =IF(K77<Decision_Rules!$C$5,"Human confirm","Auto") -> Auto | M77: =IF(G77=J77,1,0) -> 1
A78: SYN-BOE-028 | B78: SYN-SH-028 | C78: SYN-EM-028 | D78: BOE_2026090028.pdf | E78: 2 | G78: Bill of Entry | H78: Yes | I78: Complete | J78: Bill of Entry | K78: 0.98 | L78: =IF(K78<Decision_Rules!$C$5,"Human confirm","Auto") -> Auto | M78: =IF(G78=J78,1,0) -> 1
A79: SYN-PL-029 | B79: SYN-SH-029 | C79: SYN-EM-029 | D79: PL-4429.pdf | E79: 1 | F79: 94 | G79: Packing List | H79: Yes | I79: Complete | J79: Packing List | K79: 0.94 | L79: =IF(K79<Decision_Rules!$C$5,"Human confirm","Auto") -> Auto | M79: =IF(G79=J79,1,0) -> 1
A80: SYN-CI-029 | B80: SYN-SH-029 | C80: SYN-EM-029 | D80: Invoice_7729.pdf | E80: 1 | F80: 94 | G80: Commercial Invoice | H80: Yes | I80: Complete | J80: Commercial Invoice | K80: 0.95 | L80: =IF(K80<Decision_Rules!$C$5,"Human confirm","Auto") -> Auto | M80: =IF(G80=J80,1,0) -> 1
A81: SYN-PL-030 | B81: SYN-SH-030 | C81: SYN-EM-030 | D81: packinglist 4430.pdf | E81: 1 | F81: 1800.7 | G81: Packing List | H81: Yes | I81: Complete | J81: Packing List | K81: 0.99 | L81: =IF(K81<Decision_Rules!$C$5,"Human confirm","Auto") -> Auto | M81: =IF(G81=J81,1,0) -> 1
A82: SYN-CI-030 | B82: SYN-SH-030 | C82: SYN-EM-030 | D82: Invoice_7730.pdf | E82: 1 | F82: 1800.7 | G82: Commercial Invoice | H82: Yes | I82: Complete | J82: Commercial Invoice | K82: 0.94 | L82: =IF(K82<Decision_Rules!$C$5,"Human confirm","Auto") -> Auto | M82: =IF(G82=J82,1,0) -> 1
A83: SYN-BOE-030 | B83: SYN-SH-030 | C83: SYN-EM-030 | D83: BOE_2026090030.pdf | E83: 2 | G83: Bill of Entry | H83: Yes | I83: Complete | J83: Bill of Entry | K83: 0.95 | L83: =IF(K83<Decision_Rules!$C$5,"Human confirm","Auto") -> Auto | M83: =IF(G83=J83,1,0) -> 1

Sheet Line_Items
A1: ⚠ Synthetic data — created solely for POC demonstration. Not Transworld data. All suppliers, SKUs, shipments, emails and documents are fictional.
A2: STEP 2c – Table C: Document Line Items (103) with ground truth, simulated AI output and test result
A3: Column colours: Dark blue = data as received (input) | Green = GROUND TRUTH (known correct answer) | Blue = SIMULATED AI OUTPUT | Orange = TEST RESULT (formula: AI vs ground truth) | AC3: Extraction_Correct = 1 if SKU code, description, qty, UOM, HS code, origin and weight were all read exactly as printed (field-level check done during test). Blue = test input.
A4: Line_ID | B4: Shipment_ID | C4: Source_Doc_ID | D4: Line_No | E4: SKU_ID_from_document | F4: Product_Description (as on document) | G4: Quantity | H4: UOM (as received) | I4: HS_Code | J4: Country_of_Origin | K4: Weight (kg) | L4: Invoice_Quantity (cross-check) | M4: GT_SKU_Status | N4: GT_Matched_SKU | O4: GT_Normalised_UOM | P4: GT_Validation | Q4: GT_Note | R4: AI_Extracted_Qty | S4: AI_SKU_Status | T4: AI_Matched_SKU | U4: AI_Normalised_UOM | V4: AI_Confidence | W4: AI_Validation | X4: AI_Route | Y4: AI_Reasoning (plain English) | Z4: SKU_Decision_Correct | AA4: Validation_Correct | AB4: UOM_Norm_Correct | AC4: Extraction_Correct
A5: SYN-LN-001 | B5: SYN-SH-001 | C5: SYN-PL-001 | D5: 1 | E5: EL-4105 | F5: Bluetooth Speaker 10W Portable | G5: 600 | H5: PCS | I5: 8518.22 | J5: China | K5: 330 | L5: 600 | M5: Existing | N5: EL-4105 | O5: PCS | P5: Valid | Q5: Exact match | R5: 600 | S5: Existing | T5: EL-4105 | U5: PCS | V5: 0.95 | W5: Valid | X5: =IF(S5="New","Human approval (new SKU)",IF(OR(S5<>"Existing",W5<>"Valid",V5<Decision_Rules!$C$6),"Human review","Auto-processed")) -> Auto-processed | Y5: Exact SKU code and description match | Z5: =IF(M5=S5,1,0) -> 1 | AA5: =IF(P5=W5,1,0) -> 1 | AB5: =IF(O5=U5,1,0) -> 1 | AC5: 1
A6: SYN-LN-002 | B6: SYN-SH-001 | C6: SYN-PL-001 | D6: 2 | E6: EL-4230 | F6: LED Strip Light 5m RGB | G6: 150 | H6: PCS | I6: 9405.42 | J6: China | K6: 45 | L6: 150 | M6: Existing | N6: EL-4230 | O6: PCS | P6: Valid | Q6: Exact match | R6: 150 | S6: Existing | T6: EL-4230 | U6: PCS | V6: 0.99 | W6: Valid | X6: =IF(S6="New","Human approval (new SKU)",IF(OR(S6<>"Existing",W6<>"Valid",V6<Decision_Rules!$C$6),"Human review","Auto-processed")) -> Auto-processed | Y6: Exact SKU code and description match | Z6: =IF(M6=S6,1,0) -> 1 | AA6: =IF(P6=W6,1,0) -> 1 | AB6: =IF(O6=U6,1,0) -> 1 | AC6: 1
A7: SYN-LN-003 | B7: SYN-SH-001 | C7: SYN-PL-001 | D7: 3 | E7: EL-4220 | F7: LED Desk Lamp with USB Port | G7: 500 | H7: PCS | I7: 9405.21 | J7: China | K7: 450 | L7: 500 | M7: Existing | N7: EL-4220 | O7: PCS | P7: Valid | Q7: Exact match | R7: 500 | S7: Existing | T7: EL-4220 | U7: PCS | V7: 0.95 | W7: Valid | X7: =IF(S7="New","Human approval (new SKU)",IF(OR(S7<>"Existing",W7<>"Valid",V7<Decision_Rules!$C$6),"Human review","Auto-processed")) -> Auto-processed | Y7: Exact SKU code and description match | Z7: =IF(M7=S7,1,0) -> 1 | AA7: =IF(P7=W7,1,0) -> 1 | AB7: =IF(O7=U7,1,0) -> 1 | AC7: 1
A8: SYN-LN-004 | B8: SYN-SH-001 | C8: SYN-PL-001 | D8: 4 | E8: EL-4110 | F8: Wireless Earbuds - True Wireless, Black | G8: 1000 | H8: PCS | I8: 8518.30 | J8: China | K8: 120 | L8: 1000 | M8: Existing | N8: EL-4110 | O8: PCS | P8: Valid | Q8: Exact match | R8: 1000 | S8: Existing | T8: EL-4110 | U8: PCS | V8: 0.98 | W8: Valid | X8: =IF(S8="New","Human approval (new SKU)",IF(OR(S8<>"Existing",W8<>"Valid",V8<Decision_Rules!$C$6),"Human review","Auto-processed")) -> Auto-processed | Y8: Exact SKU code and description match | Z8: =IF(M8=S8,1,0) -> 1 | AA8: =IF(P8=W8,1,0) -> 1 | AB8: =IF(O8=U8,1,0) -> 1 | AC8: 1
A9: SYN-LN-005 | B9: SYN-SH-002 | C9: SYN-PL-002 | D9: 1 | E9: CG-3102 | F9: Dumbbell Pair 5kg | G9: 240 | H9: SET | I9: 9506.91 | J9: India | K9: 2448 | L9: 240 | M9: Existing | N9: CG-3102 | O9: SET | P9: Valid | Q9: Exact match | R9: 240 | S9: Existing | T9: CG-3102 | U9: SET | V9: 0.99 | W9: Valid | X9: =IF(S9="New","Human approval (new SKU)",IF(OR(S9<>"Existing",W9<>"Valid",V9<Decision_Rules!$C$6),"Human review","Auto-processed")) -> Auto-processed | Y9: Exact SKU code and description match | Z9: =IF(M9=S9,1,0) -> 1 | AA9: =IF(P9=W9,1,0) -> 1 | AB9: =IF(O9=U9,1,0) -> 1 | AC9: 1
A10: SYN-LN-006 | B10: SYN-SH-002 | C10: SYN-PL-002 | D10: 2 | E10: CG-3501 | F10: A5 Notebook Ruled 200p | G10: 200 | H10: PCS | I10: 4820.10 | J10: India | K10: 60 | L10: 200 | M10: Existing | N10: CG-3501 | O10: PCS | P10: Valid | Q10: Exact match | R10: 200 | S10: Existing | T10: CG-3501 | U10: PCS | V10: 0.99 | W10: Valid | X10: =IF(S10="New","Human approval (new SKU)",IF(OR(S10<>"Existing",W10<>"Valid",V10<Decision_Rules!$C$6),"Human review","Auto-processed")) -> Auto-processed | Y10: Exact SKU code and description match | Z10: =IF(M10=S10,1,0) -> 1 | AA10: =IF(P10=W10,1,0) -> 1 | AB10: =IF(O10=U10,1,0) -> 1 | AC10: 1
A11: SYN-LN-007 | B11: SYN-SH-002 | C11: SYN-PL-002 | D11: 3 | E11: CG-3301 | F11: Eau de Parfum 100ml | G11: 100 | H11: PCS | I11: 3303.00 | J11: India | K11: 40 | L11: 100 | M11: Existing | N11: CG-3301 | O11: PCS | P11: Valid | Q11: Exact match | R11: 100 | S11: Existing | T11: CG-3301 | U11: PCS | V11: 0.98 | W11: Valid | X11: =IF(S11="New","Human approval (new SKU)",IF(OR(S11<>"Existing",W11<>"Valid",V11<Decision_Rules!$C$6),"Human review","Auto-processed")) -> Auto-processed | Y11: Exact SKU code and description match | Z11: =IF(M11=S11,1,0) -> 1 | AA11: =IF(P11=W11,1,0) -> 1 | AB11: =IF(O11=U11,1,0) -> 1 | AC11: 1
A12: SYN-LN-008 | B12: SYN-SH-003 | C12: SYN-PL-003 | D12: 1 | E12: AC-2201 | F12: USB-C to USB-C Cable 1m | G12: 200 | H12: Pieces | I12: 8544.42 | J12: Malaysia | K12: 10 | L12: 200 | M12: Existing | N12: AC-2201 | O12: PCS | P12: Valid | Q12: Exact match; UOM 'Pieces' normalised to PCS | R12: 200 | S12: Existing | T12: AC-2201 | U12: PCS | V12: 0.98 | W12: Valid | X12: =IF(S12="New","Human approval (new SKU)",IF(OR(S12<>"Existing",W12<>"Valid",V12<Decision_Rules!$C$6),"Human review","Auto-processed")) -> Auto-processed | Y12: Exact match; UOM normalised. NOTE: HS code mis-read as 8544.49 (not caught) | Z12: =IF(M12=S12,1,0) -> 1 | AA12: =IF(P12=W12,1,0) -> 1 | AB12: =IF(O12=U12,1,0) -> 1 | AC12: 0
A13: SYN-LN-009 | B13: SYN-SH-003 | C13: SYN-PL-003 | D13: 2 | E13: EL-4301 | F13: Power Bank 10000mAh | G13: 500 | H13: Pieces | I13: 8507.60 | J13: Malaysia | K13: 125 | L13: 500 | M13: Existing | N13: EL-4301 | O13: PCS | P13: Valid | Q13: Exact match; UOM 'Pieces' normalised to PCS | R13: 500 | S13: Existing | T13: EL-4301 | U13: PCS | V13: 0.99 | W13: Valid | X13: =IF(S13="New","Human approval (new SKU)",IF(OR(S13<>"Existing",W13<>"Valid",V13<Decision_Rules!$C$6),"Human review","Auto-processed")) -> Auto-processed | Y13: Exact match; UOM 'Pieces'→PCS | Z13: =IF(M13=S13,1,0) -> 1 | AA13: =IF(P13=W13,1,0) -> 1 | AB13: =IF(O13=U13,1,0) -> 1 | AC13: 1
A14: SYN-LN-010 | B14: SYN-SH-003 | C14: SYN-PL-003 | D14: 3 | E14: EL-4402 | F14: Wireless Optical Mouse | G14: 400 | H14: Pieces | I14: 8471.60 | J14: Malaysia | K14: 40 | L14: 400 | M14: Existing | N14: EL-4402 | O14: PCS | P14: Valid | Q14: Exact match; UOM 'Pieces' normalised to PCS | R14: 400 | S14: Existing | T14: EL-4402 | U14: PCS | V14: 0.97 | W14: Valid | X14: =IF(S14="New","Human approval (new SKU)",IF(OR(S14<>"Existing",W14<>"Valid",V14<Decision_Rules!$C$6),"Human review","Auto-processed")) -> Auto-processed | Y14: Exact match; UOM 'Pieces'→PCS | Z14: =IF(M14=S14,1,0) -> 1 | AA14: =IF(P14=W14,1,0) -> 1 | AB14: =IF(O14=U14,1,0) -> 1 | AC14: 1
A15: SYN-LN-011 | B15: SYN-SH-004 | C15: SYN-PL-004 | D15: 1 | E15: EL-4001 | F15: Wireless Router AX1800 | G15: 100 | H15: PCS | I15: 8517.62 | J15: China | K15: 120 | L15: 100 | M15: Existing | N15: EL-4001 | O15: PCS | P15: Valid | Q15: Exact match | R15: 100 | S15: Existing | T15: EL-4001 | U15: PCS | V15: 0.98 | W15: Valid | X15: =IF(S15="New","Human approval (new SKU)",IF(OR(S15<>"Existing",W15<>"Valid",V15<Decision_Rules!$C$6),"Human review","Auto-processed")) -> Auto-processed | Y15: Exact SKU code and description match | Z15: =IF(M15=S15,1,0) -> 1 | AA15: =IF(P15=W15,1,0) -> 1 | AB15: =IF(O15=U15,1,0) -> 1 | AC15: 1
A16: SYN-LN-012 | B16: SYN-SH-004 | C16: SYN-PL-004 | D16: 2 | E16: EL-4110 | F16: Wireless Earbuds TWS Blk | G16: 240 | H16: PCS | I16: 8518.30 | J16: China | K16: 28.8 | L16: 240 | M16: Existing | N16: EL-4110 | O16: PCS | P16: Valid | Q16: Existing SKU; abbreviated description | R16: 240 | S16: Existing | T16: EL-4110 | U16: PCS | V16: 0.93 | W16: Valid | X16: =IF(S16="New","Human approval (new SKU)",IF(OR(S16<>"Existing",W16<>"Valid",V16<Decision_Rules!$C$6),"Human review","Auto-processed")) -> Auto-processed | Y16: SKU code exact; description 88% similar (abbreviation) → Existing | Z16: =IF(M16=S16,1,0) -> 1 | AA16: =IF(P16=W16,1,0) -> 1 | AB16: =IF(O16=U16,1,0) -> 1 | AC16: 1
... A47: SYN-LN-043 | B47: SYN-SH-013 | C47: SYN-PL-013 | D47: 1 | E47: CG-3101 | F47: Yoga Mat 6mm | G47: 100 | H47: PCS | I47: 9506.91 | J47: India | K47: 100 | L47: 100 | M47: Existing | N47: CG-3101 | O47: PCS | P47: Valid | Q47: Exact match | R47: 100 | S47: Existing | T47: CG-3101 | U47: PCS | V47: 0.99 | W47: Valid | X47: =IF(S47="New","Human approval (new SKU)",IF(OR(S47<>"Existing",W47<>"Valid",V47<Decision_Rules!$C$6),"Human review","Auto-processed")) -> Auto-processed | Y47: Exact SKU code and description match | Z47: =IF(M47=S47,1,0) -> 1 | AA47: =IF(P47=W47,1,0) -> 1 | AB47: =IF(O47=U47,1,0) -> 1 | AC47: 1
A48: SYN-LN-044 | B48: SYN-SH-013 | C48: SYN-PL-013 | D48: 2 | E48: CG-3210 | F48: Hair Dryer 1800W | H48: PCS | I48: 8516.31 | J48: India | K48: 168 | L48: 240 | M48: Existing | N48: CG-3210 | O48: PCS | P48: Missing Field | Q48: Quantity missing on Packing List | S48: Existing | T48: CG-3210 | U48: PCS | V48: 0.97 | W48: Missing Field | X48: =IF(S48="New","Human approval (new SKU)",IF(OR(S48<>"Existing",W48<>"Valid",V48<Decision_Rules!$C$6),"Human review","Auto-processed")) -> Human review | Y48: Existing SKU; mandatory field Quantity blank on Packing List | Z48: =IF(M48=S48,1,0) -> 1 | AA48: =IF(P48=W48,1,0) -> 1 | AB48: =IF(O48=U48,1,0) -> 1 | AC48: 1
A49: SYN-LN-045 | B49: SYN-SH-013 | C49: SYN-PL-013 | D49: 3 | E49: CG-3330 | F49: Shampoo 400ml | G49: 300 | H49: PCS | I49: 3305.10 | J49: India | K49: 135 | L49: 300 | M49: Existing | N49: CG-3330 | O49: PCS | P49: Valid | Q49: Exact match | R49: 300 | S49: Existing | T49: CG-3330 | U49: PCS | V49: 0.98 | W49: Valid | X49: =IF(S49="New","Human approval (new SKU)",IF(OR(S49<>"Existing",W49<>"Valid",V49<Decision_Rules!$C$6),"Human review","Auto-processed")) -> Auto-processed | Y49: Exact SKU code and description match | Z49: =IF(M49=S49,1,0) -> 1 | AA49: =IF(P49=W49,1,0) -> 1 | AB49: =IF(O49=U49,1,0) -> 1 | AC49: 1
A50: SYN-LN-046 | B50: SYN-SH-014 | C50: SYN-PL-014 | D50: 1 | E50: CG-3O05 | F50: Stainless Steel Water Bottle 750ml | G50: 400 | H50: pcs | I50: 7323.93 | J50: India | K50: 140 | L50: 400 | M50: Existing | N50: CG-3005 | O50: PCS | P50: Valid | Q50: Typo: letter 'O' for zero; full description unique | R50: 400 | S50: Existing | T50: CG-3005 | U50: PCS | V50: 0.91 | W50: Valid | X50: =IF(S50="New","Human approval (new SKU)",IF(OR(S50<>"Existing",W50<>"Valid",V50<Decision_Rules!$C$6),"Human review","Auto-processed")) -> Auto-processed | Y50: Code corrected CG-3O05→CG-3005: 1-char difference + description 100% + same supplier. Correction logged | Z50: =IF(M50=S50,1,0) -> 1 | AA50: =IF(P50=W50,1,0) -> 1 | AB50: =IF(O50=U50,1,0) -> 1 | AC50: 1
A51: SYN-LN-047 | B51: SYN-SH-014 | C51: SYN-PL-014 | D51: 2 | E51: CG-3101 | F51: Yoga Mat 6mm | G51: 120 | H51: pcs | I51: 9506.91 | J51: India | K51: 120 | L51: 120 | M51: Existing | N51: CG-3101 | O51: PCS | P51: Valid | Q51: Exact match; UOM 'pcs' normalised | R51: 120 | S51: Existing | T51: CG-3101 | U51: PCS | V51: 0.95 | W51: Valid | X51: =IF(S51="New","Human approval (new SKU)",IF(OR(S51<>"Existing",W51<>"Valid",V51<Decision_Rules!$C$6),"Human review","Auto-processed")) -> Auto-processed | Y51: Exact match; UOM 'pcs'→PCS | Z51: =IF(M51=S51,1,0) -> 1 | AA51: =IF(P51=W51,1,0) -> 1 | AB51: =IF(O51=U51,1,0) -> 1 | AC51: 1
A52: SYN-LN-048 | B52: SYN-SH-014 | C52: SYN-PL-014 | D52: 3 | E52: CG-3330 | F52: Shampoo 400ml | G52: 200 | H52: pcs | I52: 3305.10 | J52: India | K52: 90 | L52: 200 | M52: Existing | N52: CG-3330 | O52: PCS | P52: Valid | Q52: Exact match; UOM 'pcs' normalised | R52: 200 | S52: Existing | T52: CG-3330 | U52: PCS | V52: 0.97 | W52: Valid | X52: =IF(S52="New","Human approval (new SKU)",IF(OR(S52<>"Existing",W52<>"Valid",V52<Decision_Rules!$C$6),"Human review","Auto-processed")) -> Auto-processed | Y52: Exact match; UOM 'pcs'→PCS | Z52: =IF(M52=S52,1,0) -> 1 | AA52: =IF(P52=W52,1,0) -> 1 | AB52: =IF(O52=U52,1,0) -> 1 | AC52: 1
A53: SYN-LN-049 | B53: SYN-SH-015 | C53: SYN-PL-015 | D53: 1 | E53: HH-5501 | F53: Electric Kettle 1.7L Stainless | G53: 400 | H53: PCS | I53: 8516.71 | J53: Germany | K53: 520 | L53: 400 | M53: Existing | N53: HH-5501 | O53: PCS | P53: Valid | Q53: Exact match | R53: 400 | S53: Existing | T53: HH-5501 | U53: PCS | V53: 0.98 | W53: Valid | X53: =IF(S53="New","Human approval (new SKU)",IF(OR(S53<>"Existing",W53<>"Valid",V53<Decision_Rules!$C$6),"Human review","Auto-processed")) -> Auto-processed | Y53: Exact SKU code and description match | Z53: =IF(M53=S53,1,0) -> 1 | AA53: =IF(P53=W53,1,0) -> 1 | AB53: =IF(O53=U53,1,0) -> 1 | AC53: 1
A54: SYN-LN-050 | B54: SYN-SH-015 | C54: SYN-PL-015 | D54: 2 | E54: HH-5510 | F54: Steam Iron 2400W | G54: 300 | H54: PCS | I54: 8516.40 | J54: Germany | K54: 420 | L54: 300 | M54: Existing | N54: HH-5510 | O54: PCS | P54: Valid | Q54: Exact match | R54: 300 | S54: Existing | T54: HH-5510 | U54: PCS | V54: 0.98 | W54: Valid | X54: =IF(S54="New","Human approval (new SKU)",IF(OR(S54<>"Existing",W54<>"Valid",V54<Decision_Rules!$C$6),"Human review","Auto-processed")) -> Auto-processed | Y54: Exact SKU code and description match | Z54: =IF(M54=S54,1,0) -> 1 | AA54: =IF(P54=W54,1,0) -> 1 | AB54: =IF(O54=U54,1,0) -> 1 | AC54: 1
A55: SYN-LN-051 | B55: SYN-SH-015 | C55: SYN-PL-015 | D55: 3 | E55: HH-5520 | F55: Hand Blender 600W | G55: 120 | H55: PCS | I55: 8509.40 | J55: Germany | K55: 132 | L55: 120 | M55: Existing | N55: HH-5520 | O55: PCS | P55: Valid | Q55: Exact match | R55: 120 | S55: Existing | T55: HH-5520 | U55: PCS | V55: 0.98 | W55: Valid | X55: =IF(S55="New","Human approval (new SKU)",IF(OR(S55<>"Existing",W55<>"Valid",V55<Decision_Rules!$C$6),"Human review","Auto-processed")) -> Auto-processed | Y55: Exact SKU code and description match | Z55: =IF(M55=S55,1,0) -> 1 | AA55: =IF(P55=W55,1,0) -> 1 | AB55: =IF(O55=U55,1,0) -> 1 | AC55: 1
A56: SYN-LN-052 | B56: SYN-SH-016 | C56: SYN-PL-016 | D56: 1 | E56: HH-5120 | F56: Bamboo Chopping Board Large | G56: 150 | H56: PCS | I56: 4419.90 | J56: China | K56: 150 | M56: Existing | N56: HH-5120 | O56: PCS | P56: Valid | Q56: Exact match | R56: 150 | S56: Existing | T56: HH-5120 | U56: PCS | V56: 0.97 | W56: Valid | X56: =IF(S56="New","Human approval (new SKU)",IF(OR(S56<>"Existing",W56<>"Valid",V56<Decision_Rules!$C$6),"Human review","Auto-processed")) -> Auto-processed | Y56: Exact SKU code and description match | Z56: =IF(M56=S56,1,0) -> 1 | AA56: =IF(P56=W56,1,0) -> 1 | AB56: =IF(O56=U56,1,0) -> 1 | AC56: 1
A57: SYN-LN-053 | B57: SYN-SH-016 | C57: SYN-PL-016 | D57: 2 | E57: HH-5101 | F57: Non-Stick Frying Pan 28cm | G57: 200 | H57: PCS | I57: 7323.99 | J57: China | K57: 220 | M57: Existing | N57: HH-5101 | O57: PCS | P57: Valid | Q57: Exact match | R57: 200 | S57: Existing | T57: HH-5101 | U57: PCS | V57: 0.97 | W57: Valid | X57: =IF(S57="New","Human approval (new SKU)",IF(OR(S57<>"Existing",W57<>"Valid",V57<Decision_Rules!$C$6),"Human review","Auto-processed")) -> Auto-processed | Y57: Exact SKU code and description match | Z57: =IF(M57=S57,1,0) -> 1 | AA57: =IF(P57=W57,1,0) -> 1 | AB57: =IF(O57=U57,1,0) -> 1 | AC57: 1
A58: SYN-LN-054 | B58: SYN-SH-016 | C58: SYN-PL-016 | D58: 3 | E58: HH-5601 | F58: Vacuum Flask 1L | G58: 120 | H58: PCS | I58: 9617.00 | J58: China | K58: 72 | M58: Existing | N58: HH-5601 | O58: PCS | P58: Valid | Q58: Exact match | R58: 120 | S58: Existing | T58: HH-5601 | U58: PCS | V58: 0.96 | W58: Valid | X58: =IF(S58="New","Human approval (new SKU)",IF(OR(S58<>"Existing",W58<>"Valid",V58<Decision_Rules!$C$6),"Human review","Auto-processed")) -> Auto-processed | Y58: Exact SKU code and description match | Z58: =IF(M58=S58,1,0) -> 1 | AA58: =IF(P58=W58,1,0) -> 1 | AB58: =IF(O58=U58,1,0) -> 1 | AC58: 1
A59: SYN-LN-055 | B59: SYN-SH-017 | C59: SYN-PL-017 | D59: 1 | E59: HH-5301 | F59: Cotton Bath Towel 70x140cm | G59: 500 | H59: PCS | I59: 6302.60 | J59: China | K59: 250 | L59: 500 | M59: Existing | N59: HH-5301 | O59: PCS | P59: Valid | Q59: Exact match | R59: 500 | S59: Existing | T59: HH-5301 | U59: PCS | V59: 0.96 | W59: Valid | X59: =IF(S59="New","Human approval (new SKU)",IF(OR(S59<>"Existing",W59<>"Valid",V59<Decision_Rules!$C$6),"Human review","Auto-processed")) -> Auto-processed | Y59: Exact SKU code and description match | Z59: =IF(M59=S59,1,0) -> 1 | AA59: =IF(P59=W59,1,0) -> 1 | AB59: =IF(O59=U59,1,0) -> 1 | AC59: 1
A60: SYN-LN-056 | B60: SYN-SH-017 | C60: SYN-PL-017 | D60: 2 | E60: HH-5310 | F60: Microfibre Cleaning Cloth 10-pack | G60: 50 | H60: PACK | I60: 6307.10 | J60: China | K60: 12.5 | L60: 50 | M60: Existing | N60: HH-5310 | O60: PACK | P60: Valid | Q60: Exact match | R60: 50 | S60: Existing | T60: HH-5310 | U60: PACK | V60: 0.98 | W60: Valid | X60: =IF(S60="New","Human approval (new SKU)",IF(OR(S60<>"Existing",W60<>"Valid",V60<Decision_Rules!$C$6),"Human review","Auto-processed")) -> Auto-processed | Y60: Exact SKU code and description match | Z60: =IF(M60=S60,1,0) -> 1 | AA60: =IF(P60=W60,1,0) -> 1 | AB60: =IF(O60=U60,1,0) -> 1 | AC60: 1
A61: SYN-LN-057 | B61: SYN-SH-017 | C61: SYN-PL-017 | D61: 3 | E61: HH-5201 | F61: Glass Food Container Set 3pc | G61: 240 | H61: SET | I61: 7013.49 | J61: China | K61: 384 | L61: 240 | M61: Existing | N61: HH-5201 | O61: SET | P61: Valid | Q61: Exact match | R61: 240 | S61: Existing | T61: HH-5201 | U61: SET | V61: 0.95 | W61: Valid | X61: =IF(S61="New","Human approval (new SKU)",IF(OR(S61<>"Existing",W61<>"Valid",V61<Decision_Rules!$C$6),"Human review","Auto-processed")) -> Auto-processed | Y61: Exact SKU code and description match | Z61: =IF(M61=S61,1,0) -> 1 | AA61: =IF(P61=W61,1,0) -> 1 | AB61: =IF(O61=U61,1,0) -> 1 | AC61: 1
A62: SYN-LN-058 | B62: SYN-SH-017 | C62: SYN-PL-017 | D62: 4 | E62: HH-5530 | F62: Silicone Baking Mat Set 2pc | G62: 400 | H62: SET | I62: 3924.10 | J62: China | K62: 120 | L62: 400 | M62: New | N62: (none – new) | O62: SET | P62: Valid | Q62: SKU not in Item Master | R62: 400 | S62: New | T62: (draft new SKU) | U62: SET | V62: 0.94 | W62: Valid | X62: =IF(S62="New","Human approval (new SKU)",IF(OR(S62<>"Existing",W62<>"Valid",V62<Decision_Rules!$C$6),"Human review","Auto-processed")) -> Human approval (new SKU) | Y62: No code match; best description match <60% → Potential New SKU | Z62: =IF(M62=S62,1,0) -> 1 | AA62: =IF(P62=W62,1,0) -> 1 | AB62: =IF(O62=U62,1,0) -> 1 | AC62: 1
A63: SYN-LN-059 | B63: SYN-SH-018 | C63: SYN-PL-018 | D63: 1 | E63: PK-6001 | F63: Arabica Coffee Beans 1kg | G63: 200 | H63: PCS | I63: 0901.21 | J63: Vietnam | K63: 210 | L63: 200 | M63: Existing | N63: PK-6001 | O63: PCS | P63: Conflict | Q63: Origin: PL/CI Vietnam vs Certificate of Origin China | R63: 200 | S63: Existing | T63: PK-6001 | U63: PCS | V63: 0.99 | W63: Conflict | X63: =IF(S63="New","Human approval (new SKU)",IF(OR(S63<>"Existing",W63<>"Valid",V63<Decision_Rules!$C$6),"Human review","Auto-processed")) -> Human review | Y63: Existing SKU; country of origin differs between Invoice and COO | Z63: =IF(M63=S63,1,0) -> 1 | AA63: =IF(P63=W63,1,0) -> 1 | AB63: =IF(O63=U63,1,0) -> 1 | AC63: 1
A64: SYN-LN-060 | B64: SYN-SH-018 | C64: SYN-PL-018 | D64: 2 | E64: PK-6020 | F64: Instant Noodles Carton 30x85g | G64: 40 | H64: CTN | I64: 1902.30 | J64: Vietnam | K64: 112 | L64: 40 | M64: Existing | N64: PK-6020 | O64: CTN | P64: Valid | Q64: Exact match | R64: 40 | S64: Existing | T64: PK-6020 | U64: CTN | V64: 0.96 | W64: Valid | X64: =IF(S64="New","Human approval (new SKU)",IF(OR(S64<>"Existing",W64<>"Valid",V64<Decision_Rules!$C$6),"Human review","Auto-processed")) -> Auto-processed | Y64: Exact SKU code and description match | Z64: =IF(M64=S64,1,0) -> 1 | AA64: =IF(P64=W64,1,0) -> 1 | AB64: =IF(O64=U64,1,0) -> 1 | AC64: 1
A65: SYN-LN-061 | B65: SYN-SH-018 | C65: SYN-PL-018 | D65: 3 | E65: PK-6040 | F65: Rice Crackers 150g | G65: 600 | H65: PCS | I65: 1905.90 | J65: Vietnam | K65: 96 | L65: 600 | M65: Existing | N65: PK-6040 | O65: PCS | P65: Valid | Q65: Exact match | R65: 600 | S65: Existing | T65: PK-6040 | U65: PCS | V65: 0.98 | W65: Valid | X65: =IF(S65="New","Human approval (new SKU)",IF(OR(S65<>"Existing",W65<>"Valid",V65<Decision_Rules!$C$6),"Human review","Auto-processed")) -> Auto-processed | Y65: Exact SKU code and description match | Z65: =IF(M65=S65,1,0) -> 1 | AA65: =IF(P65=W65,1,0) -> 1 | AB65: =IF(O65=U65,1,0) -> 1 | AC65: 1
A66: SYN-LN-062 | B66: SYN-SH-019 | C66: SYN-PL-019 | D66: 1 | E66: CG-3201 | F66: Toothbrush Soft 4-pack | G66: 240 | H66: PACK | I66: 9603.21 | J66: India | K66: 19.2 | L66: 240 | M66: Existing | N66: CG-3201 | O66: PACK | P66: Valid | Q66: Exact match | R66: 240 | S66: Existing | T66: CG-3201 | U66: PACK | V66: 0.98 | W66: Valid | X66: =IF(S66="New","Human approval (new SKU)",IF(OR(S66<>"Existing",W66<>"Valid",V66<Decision_Rules!$C$6),"Human review","Auto-processed")) -> Auto-processed | Y66: Exact SKU code and description match | Z66: =IF(M66=S66,1,0) -> 1 | AA66: =IF(P66=W66,1,0) -> 1 | AB66: =IF(O66=U66,1,0) -> 1 | AC66: 1
A67: SYN-LN-063 | B67: SYN-SH-019 | C67: SYN-PL-019 | D67: 2 | E67: CG-3301 | F67: Eau de Parfum 100ml | G67: 600 | H67: PCS | I67: 3303.00 | J67: India | K67: 240 | L67: 600 | M67: Existing | N67: CG-3301 | O67: PCS | P67: Valid | Q67: Exact match | R67: 600 | S67: Existing | T67: CG-3301 | U67: PCS | V67: 0.96 | W67: Valid | X67: =IF(S67="New","Human approval (new SKU)",IF(OR(S67<>"Existing",W67<>"Valid",V67<Decision_Rules!$C$6),"Human review","Auto-processed")) -> Auto-processed | Y67: Exact SKU code and description match | Z67: =IF(M67=S67,1,0) -> 1 | AA67: =IF(P67=W67,1,0) -> 1 | AB67: =IF(O67=U67,1,0) -> 1 | AC67: 1
A68: SYN-LN-064 | B68: SYN-SH-019 | C68: SYN-PL-019 | D68: 3 | E68: CG-3OO6 | F68: S/Steel Bottle | G68: 300 | H68: PCS | I68: 7323.93 | J68: India | K68: 84 | L68: 300 | M68: Ambiguous | N68: CG-3005 or CG-3006 | O68: PCS | P68: Valid | Q68: Two-character mismatch; description lacks capacity | R68: 300 | S68: Ambiguous | T68: CG-3006? / CG-3005? | U68: PCS | V68: 0.68 | W68: Valid | X68: =IF(S68="New","Human approval (new SKU)",IF(OR(S68<>"Existing",W68<>"Valid",V68<Decision_Rules!$C$6),"Human review","Auto-processed")) -> Human review | Y68: Code does not exist; description fits 750ml and 500ml bottles equally | Z68: =IF(M68=S68,1,0) -> 1 | AA68: =IF(P68=W68,1,0) -> 1 | AB68: =IF(O68=U68,1,0) -> 1 | AC68: 1
A69: SYN-LN-065 | B69: SYN-SH-019 | C69: SYN-PL-019 | D69: 4 | E69: CG-3501 | F69: A5 Notebook Ruled 200p | G69: 150 | H69: PCS | I69: 4820.10 | J69: India | K69: 45 | L69: 150 | M69: Existing | N69: CG-3501 | O69: PCS | P69: Valid | Q69: Exact match | R69: 150 | S69: Existing | T69: CG-3501 | U69: PCS | V69: 0.98 | W69: Valid | X69: =IF(S69="New","Human approval (new SKU)",IF(OR(S69<>"Existing",W69<>"Valid",V69<Decision_Rules!$C$6),"Human review","Auto-processed")) -> Auto-processed | Y69: Exact SKU code and description match | Z69: =IF(M69=S69,1,0) -> 1 | AA69: =IF(P69=W69,1,0) -> 1 | AB69: =IF(O69=U69,1,0) -> 1 | AC69: 1
A70: SYN-LN-066 | B70: SYN-SH-020 | C70: SYN-PL-020 | D70: 1 | E70: AC-2610 | F70: Canvas Tote Bag | G70: 200 | H70: PCS | I70: 4202.22 | J70: Turkey | K70: 40 | L70: 200 | M70: Existing | N70: AC-2610 | O70: PCS | P70: Valid | Q70: Exact match | R70: 200 | S70: Existing | T70: AC-2610 | U70: PCS | V70: 0.97 | W70: Valid | X70: =IF(S70="New","Human approval (new SKU)",IF(OR(S70<>"Existing",W70<>"Valid",V70<Decision_Rules!$C$6),"Human review","Auto-processed")) -> Auto-processed | Y70: Exact SKU code and description match | Z70: =IF(M70=S70,1,0) -> 1 | AA70: =IF(P70=W70,1,0) -> 1 | AB70: =IF(O70=U70,1,0) -> 1 | AC70: 1
... A107: SYN-LN-103 | B107: SYN-SH-030 | C107: SYN-PL-030 | D107: 4 | E107: PK-6201 | F107: Medjool Dates 1kg | G107: 1000 | H107: PCS | I107: 0804.10 | J107: UAE | K107: 1050 | L107: 1000 | M107: Existing | N107: PK-6201 | O107: PCS | P107: Valid | Q107: Exact match | R107: 1000 | S107: Existing | T107: PK-6201 | U107: PCS | V107: 0.98 | W107: Valid | X107: =IF(S107="New","Human approval (new SKU)",IF(OR(S107<>"Existing",W107<>"Valid",V107<Decision_Rules!$C$6),"Human review","Auto-processed")) -> Auto-processed | Y107: Exact SKU code and description match | Z107: =IF(M107=S107,1,0) -> 1 | AA107: =IF(P107=W107,1,0) -> 1 | AB107: =IF(O107=U107,1,0) -> 1 | AC107: 1

Sheet Exceptions
A1: ⚠ Synthetic data — created solely for POC demonstration. Not Transworld data. All suppliers, SKUs, shipments, emails and documents are fictional.
A2: Exception Register – seeded data-quality problems vs what the AI flagged
A3: Ground truth = exceptions deliberately planted in the synthetic data (Yes) or not (No). AI_Flagged = simulated AI result.
A4: Exception_ID | B4: Shipment_ID | C4: Level | D4: Line_ID | E4: Exception_Type | F4: Field | G4: Detail | H4: GT_Seeded_Exception | I4: AI_Flagged | J4: Test_Result
A5: SYN-EX-01 | B5: SYN-SH-007 | C5: Line | D5: SYN-LN-021 | E5: False alarm | F5: Quantity | G5: AI read PL quantity as 120 (actual 1200) due to scan quality; cross-check with Invoice (1200) raised a conflict | H5: No | I5: Yes | J5: =IF(AND(H5="Yes",I5="Yes"),"Detected",IF(H5="Yes","MISSED","False alarm")) -> False alarm
A6: SYN-EX-02 | B6: SYN-SH-013 | C6: Line | D6: SYN-LN-044 | E6: Missing Field | F6: Quantity | G6: Quantity blank on Packing List (Invoice shows 240) | H6: Yes | I6: Yes | J6: =IF(AND(H6="Yes",I6="Yes"),"Detected",IF(H6="Yes","MISSED","False alarm")) -> Detected
A7: SYN-EX-03 | B7: SYN-SH-016 | C7: Shipment | D7: — | E7: Missing Document | F7: Commercial Invoice | G7: Email states invoice attached; only Packing List received | H7: Yes | I7: Yes | J7: =IF(AND(H7="Yes",I7="Yes"),"Detected",IF(H7="Yes","MISSED","False alarm")) -> Detected
A8: SYN-EX-04 | B8: SYN-SH-018 | C8: Line | D8: SYN-LN-059 | E8: Conflict | F8: Country of origin | G8: Invoice/PL state Vietnam; Certificate of Origin states China | H8: Yes | I8: Yes | J8: =IF(AND(H8="Yes",I8="Yes"),"Detected",IF(H8="Yes","MISSED","False alarm")) -> Detected
A9: SYN-EX-05 | B9: SYN-SH-020 | C9: Line | D9: SYN-LN-070 | E9: Duplicate | F9: Line item | G9: Line 5 duplicates line 2 (same SKU, qty, weight) | H9: Yes | I9: Yes | J9: =IF(AND(H9="Yes",I9="Yes"),"Detected",IF(H9="Yes","MISSED","False alarm")) -> Detected
A10: SYN-EX-06 | B10: SYN-SH-023 | C10: Line | D10: SYN-LN-078 | E10: Conflict | F10: Quantity | G10: Packing List 500 CTN vs Commercial Invoice 550 CTN | H10: Yes | I10: Yes | J10: =IF(AND(H10="Yes",I10="Yes"),"Detected",IF(H10="Yes","MISSED","False alarm")) -> Detected
A11: SYN-EX-07 | B11: SYN-SH-025 | C11: Shipment | D11: — | E11: Conflict | F11: Gross weight | G11: Packing List total 241.0 kg vs Invoice 256.2 kg (+6.3%) | H11: Yes | I11: No | J11: =IF(AND(H11="Yes",I11="Yes"),"Detected",IF(H11="Yes","MISSED","False alarm")) -> MISSED

Sheet Shipment_Summary
A1: ⚠ Synthetic data — created solely for POC demonstration. Not Transworld data. All suppliers, SKUs, shipments, emails and documents are fictional.
A2: Shipment-level result: ground truth outcome vs AI routing (all formulas)
A3: Column colours: Dark blue = data as received (input) | Green = GROUND TRUTH (known correct answer) | Blue = SIMULATED AI OUTPUT | Orange = TEST RESULT (formula: AI vs ground truth)
A4: Shipment_ID | B4: Email_ID | C4: Received | D4: Supplier_ID | E4: Scenario | F4: Docs | G4: Lines | H4: AI lines auto | I4: AI lines to human | J4: AI docs low-conf | K4: AI shipment flags | L4: GT lines not clean | M4: GT shipment exceptions | N4: GT_Outcome | O4: AI_Route | P4: Test_Result
A5: SYN-SH-001 | B5: =Inbound_Emails!A5 -> SYN-EM-001 | C5: =LEFT(Inbound_Emails!C5,10) -> 2026-09-01 | D5: =Inbound_Emails!F5 -> SUP-001 | E5: =Inbound_Emails!M5 -> Clean – Test Case A | F5: =COUNTIF(Documents!$B$5:$B$83,A5) -> 3 | G5: =COUNTIF(Line_Items!$B$5:$B$107,A5) -> 4 | H5: =COUNTIFS(Line_Items!$B$5:$B$107,A5,Line_Items!$X$5:$X$107,"Auto-processed") -> 4 | I5: =G5-H5 -> 0 | J5: =COUNTIFS(Documents!$B$5:$B$83,A5,Documents!$L$5:$L$83,"Human confirm") -> 0 | K5: =COUNTIFS(Exceptions!$B$5:$B$11,A5,Exceptions!$C$5:$C$11,"Shipment",Exceptions!$I$5:$I$11,"Yes") -> 0 | L5: =SUMPRODUCT((Line_Items!$B$5:$B$107=A5)*(((Line_Items!$M$5:$M$107<>"Existing")+(Line_Items!$P$5:$P$107<>"Valid"))>0)) -> 0 | M5: =COUNTIFS(Exceptions!$B$5:$B$11,A5,Exceptions!$C$5:$C$11,"Shipment",Exceptions!$H$5:$H$11,"Yes") -> 0 | N5: =IF(L5+M5=0,"Clean","Requires review") -> Clean | O5: =IF(I5+J5+K5=0,"Auto-processed","Human review") -> Auto-processed | P5: =IF(AND(N5="Clean",O5="Auto-processed"),"Correct – straight-through",IF(AND(N5="Requires review",O5="Human review"),"Correct – caught",IF(N5="Clean","Unnecessary review","MISSED – wrongly auto-processed"))) -> Correct – straight-through
A6: SYN-SH-002 | B6: =Inbound_Emails!A6 -> SYN-EM-002 | C6: =LEFT(Inbound_Emails!C6,10) -> 2026-09-01 | D6: =Inbound_Emails!F6 -> SUP-003 | E6: =Inbound_Emails!M6 -> Clean | F6: =COUNTIF(Documents!$B$5:$B$83,A6) -> 2 | G6: =COUNTIF(Line_Items!$B$5:$B$107,A6) -> 3 | H6: =COUNTIFS(Line_Items!$B$5:$B$107,A6,Line_Items!$X$5:$X$107,"Auto-processed") -> 3 | I6: =G6-H6 -> 0 | J6: =COUNTIFS(Documents!$B$5:$B$83,A6,Documents!$L$5:$L$83,"Human confirm") -> 0 | K6: =COUNTIFS(Exceptions!$B$5:$B$11,A6,Exceptions!$C$5:$C$11,"Shipment",Exceptions!$I$5:$I$11,"Yes") -> 0 | L6: =SUMPRODUCT((Line_Items!$B$5:$B$107=A6)*(((Line_Items!$M$5:$M$107<>"Existing")+(Line_Items!$P$5:$P$107<>"Valid"))>0)) -> 0 | M6: =COUNTIFS(Exceptions!$B$5:$B$11,A6,Exceptions!$C$5:$C$11,"Shipment",Exceptions!$H$5:$H$11,"Yes") -> 0 | N6: =IF(L6+M6=0,"Clean","Requires review") -> Clean | O6: =IF(I6+J6+K6=0,"Auto-processed","Human review") -> Auto-processed | P6: =IF(AND(N6="Clean",O6="Auto-processed"),"Correct – straight-through",IF(AND(N6="Requires review",O6="Human review"),"Correct – caught",IF(N6="Clean","Unnecessary review","MISSED – wrongly auto-processed"))) -> Correct – straight-through
A7: SYN-SH-003 | B7: =Inbound_Emails!A7 -> SYN-EM-003 | C7: =LEFT(Inbound_Emails!C7,10) -> 2026-09-01 | D7: =Inbound_Emails!F7 -> SUP-006 | E7: =Inbound_Emails!M7 -> Clean; UOM 'Pieces' (Case 6) | F7: =COUNTIF(Documents!$B$5:$B$83,A7) -> 2 | G7: =COUNTIF(Line_Items!$B$5:$B$107,A7) -> 3 | H7: =COUNTIFS(Line_Items!$B$5:$B$107,A7,Line_Items!$X$5:$X$107,"Auto-processed") -> 3 | I7: =G7-H7 -> 0 | J7: =COUNTIFS(Documents!$B$5:$B$83,A7,Documents!$L$5:$L$83,"Human confirm") -> 0 | K7: =COUNTIFS(Exceptions!$B$5:$B$11,A7,Exceptions!$C$5:$C$11,"Shipment",Exceptions!$I$5:$I$11,"Yes") -> 0 | L7: =SUMPRODUCT((Line_Items!$B$5:$B$107=A7)*(((Line_Items!$M$5:$M$107<>"Existing")+(Line_Items!$P$5:$P$107<>"Valid"))>0)) -> 0 | M7: =COUNTIFS(Exceptions!$B$5:$B$11,A7,Exceptions!$C$5:$C$11,"Shipment",Exceptions!$H$5:$H$11,"Yes") -> 0 | N7: =IF(L7+M7=0,"Clean","Requires review") -> Clean | O7: =IF(I7+J7+K7=0,"Auto-processed","Human review") -> Auto-processed | P7: =IF(AND(N7="Clean",O7="Auto-processed"),"Correct – straight-through",IF(AND(N7="Requires review",O7="Human review"),"Correct – caught",IF(N7="Clean","Unnecessary review","MISSED – wrongly auto-processed"))) -> Correct – straight-through
A8: SYN-SH-004 | B8: =Inbound_Emails!A8 -> SYN-EM-004 | C8: =LEFT(Inbound_Emails!C8,10) -> 2026-09-02 | D8: =Inbound_Emails!F8 -> SUP-001 | E8: =Inbound_Emails!M8 -> Description variation (Case 2) | F8: =COUNTIF(Documents!$B$5:$B$83,A8) -> 3 | G8: =COUNTIF(Line_Items!$B$5:$B$107,A8) -> 3 | H8: =COUNTIFS(Line_Items!$B$5:$B$107,A8,Line_Items!$X$5:$X$107,"Auto-processed") -> 3 | I8: =G8-H8 -> 0 | J8: =COUNTIFS(Documents!$B$5:$B$83,A8,Documents!$L$5:$L$83,"Human confirm") -> 0 | K8: =COUNTIFS(Exceptions!$B$5:$B$11,A8,Exceptions!$C$5:$C$11,"Shipment",Exceptions!$I$5:$I$11,"Yes") -> 0 | L8: =SUMPRODUCT((Line_Items!$B$5:$B$107=A8)*(((Line_Items!$M$5:$M$107<>"Existing")+(Line_Items!$P$5:$P$107<>"Valid"))>0)) -> 0 | M8: =COUNTIFS(Exceptions!$B$5:$B$11,A8,Exceptions!$C$5:$C$11,"Shipment",Exceptions!$H$5:$H$11,"Yes") -> 0 | N8: =IF(L8+M8=0,"Clean","Requires review") -> Clean | O8: =IF(I8+J8+K8=0,"Auto-processed","Human review") -> Auto-processed | P8: =IF(AND(N8="Clean",O8="Auto-processed"),"Correct – straight-through",IF(AND(N8="Requires review",O8="Human review"),"Correct – caught",IF(N8="Clean","Unnecessary review","MISSED – wrongly auto-processed"))) -> Correct – straight-through
A9: SYN-SH-005 | B9: =Inbound_Emails!A9 -> SYN-EM-005 | C9: =LEFT(Inbound_Emails!C9,10) -> 2026-09-02 | D9: =Inbound_Emails!F9 -> SUP-007 | E9: =Inbound_Emails!M9 -> Clean | F9: =COUNTIF(Documents!$B$5:$B$83,A9) -> 4 | G9: =COUNTIF(Line_Items!$B$5:$B$107,A9) -> 4 | H9: =COUNTIFS(Line_Items!$B$5:$B$107,A9,Line_Items!$X$5:$X$107,"Auto-processed") -> 4 | I9: =G9-H9 -> 0 | J9: =COUNTIFS(Documents!$B$5:$B$83,A9,Documents!$L$5:$L$83,"Human confirm") -> 0 | K9: =COUNTIFS(Exceptions!$B$5:$B$11,A9,Exceptions!$C$5:$C$11,"Shipment",Exceptions!$I$5:$I$11,"Yes") -> 0 | L9: =SUMPRODUCT((Line_Items!$B$5:$B$107=A9)*(((Line_Items!$M$5:$M$107<>"Existing")+(Line_Items!$P$5:$P$107<>"Valid"))>0)) -> 0 | M9: =COUNTIFS(Exceptions!$B$5:$B$11,A9,Exceptions!$C$5:$C$11,"Shipment",Exceptions!$H$5:$H$11,"Yes") -> 0 | N9: =IF(L9+M9=0,"Clean","Requires review") -> Clean | O9: =IF(I9+J9+K9=0,"Auto-processed","Human review") -> Auto-processed | P9: =IF(AND(N9="Clean",O9="Auto-processed"),"Correct – straight-through",IF(AND(N9="Requires review",O9="Human review"),"Correct – caught",IF(N9="Clean","Unnecessary review","MISSED – wrongly auto-processed"))) -> Correct – straight-through
A10: SYN-SH-006 | B10: =Inbound_Emails!A10 -> SYN-EM-006 | C10: =LEFT(Inbound_Emails!C10,10) -> 2026-09-02 | D10: =Inbound_Emails!F10 -> SUP-001 | E10: =Inbound_Emails!M10 -> Clean | F10: =COUNTIF(Documents!$B$5:$B$83,A10) -> 2 | G10: =COUNTIF(Line_Items!$B$5:$B$107,A10) -> 3 | H10: =COUNTIFS(Line_Items!$B$5:$B$107,A10,Line_Items!$X$5:$X$107,"Auto-processed") -> 3 | I10: =G10-H10 -> 0 | J10: =COUNTIFS(Documents!$B$5:$B$83,A10,Documents!$L$5:$L$83,"Human confirm") -> 0 | K10: =COUNTIFS(Exceptions!$B$5:$B$11,A10,Exceptions!$C$5:$C$11,"Shipment",Exceptions!$I$5:$I$11,"Yes") -> 0 | L10: =SUMPRODUCT((Line_Items!$B$5:$B$107=A10)*(((Line_Items!$M$5:$M$107<>"Existing")+(Line_Items!$P$5:$P$107<>"Valid"))>0)) -> 0 | M10: =COUNTIFS(Exceptions!$B$5:$B$11,A10,Exceptions!$C$5:$C$11,"Shipment",Exceptions!$H$5:$H$11,"Yes") -> 0 | N10: =IF(L10+M10=0,"Clean","Requires review") -> Clean | O10: =IF(I10+J10+K10=0,"Auto-processed","Human review") -> Auto-processed | P10: =IF(AND(N10="Clean",O10="Auto-processed"),"Correct – straight-through",IF(AND(N10="Requires review",O10="Human review"),"Correct – caught",IF(N10="Clean","Unnecessary review","MISSED – wrongly auto-processed"))) -> Correct – straight-through
A11: SYN-SH-007 | B11: =Inbound_Emails!A11 -> SYN-EM-007 | C11: =LEFT(Inbound_Emails!C11,10) -> 2026-09-03 | D11: =Inbound_Emails!F11 -> SUP-005 | E11: =Inbound_Emails!M11 -> Clean (scan quality issue) | F11: =COUNTIF(Documents!$B$5:$B$83,A11) -> 3 | G11: =COUNTIF(Line_Items!$B$5:$B$107,A11) -> 3 | H11: =COUNTIFS(Line_Items!$B$5:$B$107,A11,Line_Items!$X$5:$X$107,"Auto-processed") -> 2 | I11: =G11-H11 -> 1 | J11: =COUNTIFS(Documents!$B$5:$B$83,A11,Documents!$L$5:$L$83,"Human confirm") -> 0 | K11: =COUNTIFS(Exceptions!$B$5:$B$11,A11,Exceptions!$C$5:$C$11,"Shipment",Exceptions!$I$5:$I$11,"Yes") -> 0 | L11: =SUMPRODUCT((Line_Items!$B$5:$B$107=A11)*(((Line_Items!$M$5:$M$107<>"Existing")+(Line_Items!$P$5:$P$107<>"Valid"))>0)) -> 0 | M11: =COUNTIFS(Exceptions!$B$5:$B$11,A11,Exceptions!$C$5:$C$11,"Shipment",Exceptions!$H$5:$H$11,"Yes") -> 0 | N11: =IF(L11+M11=0,"Clean","Requires review") -> Clean | O11: =IF(I11+J11+K11=0,"Auto-processed","Human review") -> Human review | P11: =IF(AND(N11="Clean",O11="Auto-processed"),"Correct – straight-through",IF(AND(N11="Requires review",O11="Human review"),"Correct – caught",IF(N11="Clean","Unnecessary review","MISSED – wrongly auto-processed"))) -> Unnecessary review
A12: SYN-SH-008 | B12: =Inbound_Emails!A12 -> SYN-EM-008 | C12: =LEFT(Inbound_Emails!C12,10) -> 2026-09-03 | D12: =Inbound_Emails!F12 -> SUP-006 | E12: =Inbound_Emails!M12 -> New SKU – Test Case B (Case 3) | F12: =COUNTIF(Documents!$B$5:$B$83,A12) -> 3 | G12: =COUNTIF(Line_Items!$B$5:$B$107,A12) -> 4 | H12: =COUNTIFS(Line_Items!$B$5:$B$107,A12,Line_Items!$X$5:$X$107,"Auto-processed") -> 3 | I12: =G12-H12 -> 1 | J12: =COUNTIFS(Documents!$B$5:$B$83,A12,Documents!$L$5:$L$83,"Human confirm") -> 0 | K12: =COUNTIFS(Exceptions!$B$5:$B$11,A12,Exceptions!$C$5:$C$11,"Shipment",Exceptions!$I$5:$I$11,"Yes") -> 0 | L12: =SUMPRODUCT((Line_Items!$B$5:$B$107=A12)*(((Line_Items!$M$5:$M$107<>"Existing")+(Line_Items!$P$5:$P$107<>"Valid"))>0)) -> 1 | M12: =COUNTIFS(Exceptions!$B$5:$B$11,A12,Exceptions!$C$5:$C$11,"Shipment",Exceptions!$H$5:$H$11,"Yes") -> 0 | N12: =IF(L12+M12=0,"Clean","Requires review") -> Requires review | O12: =IF(I12+J12+K12=0,"Auto-processed","Human review") -> Human review | P12: =IF(AND(N12="Clean",O12="Auto-processed"),"Correct – straight-through",IF(AND(N12="Requires review",O12="Human review"),"Correct – caught",IF(N12="Clean","Unnecessary review","MISSED – wrongly auto-processed"))) -> Correct – caught
A13: SYN-SH-009 | B13: =Inbound_Emails!A13 -> SYN-EM-009 | C13: =LEFT(Inbound_Emails!C13,10) -> 2026-09-03 | D13: =Inbound_Emails!F13 -> SUP-001 | E13: =Inbound_Emails!M13 -> Description variation; UOM 'Pc' (Cases 2,6) | F13: =COUNTIF(Documents!$B$5:$B$83,A13) -> 2 | G13: =COUNTIF(Line_Items!$B$5:$B$107,A13) -> 3 | H13: =COUNTIFS(Line_Items!$B$5:$B$107,A13,Line_Items!$X$5:$X$107,"Auto-processed") -> 2 | I13: =G13-H13 -> 1 | J13: =COUNTIFS(Documents!$B$5:$B$83,A13,Documents!$L$5:$L$83,"Human confirm") -> 0 | K13: =COUNTIFS(Exceptions!$B$5:$B$11,A13,Exceptions!$C$5:$C$11,"Shipment",Exceptions!$I$5:$I$11,"Yes") -> 0 | L13: =SUMPRODUCT((Line_Items!$B$5:$B$107=A13)*(((Line_Items!$M$5:$M$107<>"Existing")+(Line_Items!$P$5:$P$107<>"Valid"))>0)) -> 0 | M13: =COUNTIFS(Exceptions!$B$5:$B$11,A13,Exceptions!$C$5:$C$11,"Shipment",Exceptions!$H$5:$H$11,"Yes") -> 0 | N13: =IF(L13+M13=0,"Clean","Requires review") -> Clean | O13: =IF(I13+J13+K13=0,"Auto-processed","Human review") -> Human review | P13: =IF(AND(N13="Clean",O13="Auto-processed"),"Correct – straight-through",IF(AND(N13="Requires review",O13="Human review"),"Correct – caught",IF(N13="Clean","Unnecessary review","MISSED – wrongly auto-processed"))) -> Unnecessary review
A14: SYN-SH-010 | B14: =Inbound_Emails!A14 -> SYN-EM-010 | C14: =LEFT(Inbound_Emails!C14,10) -> 2026-09-04 | D14: =Inbound_Emails!F14 -> SUP-002 | E14: =Inbound_Emails!M14 -> Clean | F14: =COUNTIF(Documents!$B$5:$B$83,A14) -> 3 | G14: =COUNTIF(Line_Items!$B$5:$B$107,A14) -> 4 | H14: =COUNTIFS(Line_Items!$B$5:$B$107,A14,Line_Items!$X$5:$X$107,"Auto-processed") -> 4 | I14: =G14-H14 -> 0 | J14: =COUNTIFS(Documents!$B$5:$B$83,A14,Documents!$L$5:$L$83,"Human confirm") -> 0 | K14: =COUNTIFS(Exceptions!$B$5:$B$11,A14,Exceptions!$C$5:$C$11,"Shipment",Exceptions!$I$5:$I$11,"Yes") -> 0 | L14: =SUMPRODUCT((Line_Items!$B$5:$B$107=A14)*(((Line_Items!$M$5:$M$107<>"Existing")+(Line_Items!$P$5:$P$107<>"Valid"))>0)) -> 0 | M14: =COUNTIFS(Exceptions!$B$5:$B$11,A14,Exceptions!$C$5:$C$11,"Shipment",Exceptions!$H$5:$H$11,"Yes") -> 0 | N14: =IF(L14+M14=0,"Clean","Requires review") -> Clean | O14: =IF(I14+J14+K14=0,"Auto-processed","Human review") -> Auto-processed | P14: =IF(AND(N14="Clean",O14="Auto-processed"),"Correct – straight-through",IF(AND(N14="Requires review",O14="Human review"),"Correct – caught",IF(N14="Clean","Unnecessary review","MISSED – wrongly auto-processed"))) -> Correct – straight-through
A15: SYN-SH-011 | B15: =Inbound_Emails!A15 -> SYN-EM-011 | C15: =LEFT(Inbound_Emails!C15,10) -> 2026-09-04 | D15: =Inbound_Emails!F15 -> SUP-001 | E15: =Inbound_Emails!M15 -> Ambiguous SKU – Test Case C (Case 4) | F15: =COUNTIF(Documents!$B$5:$B$83,A15) -> 3 | G15: =COUNTIF(Line_Items!$B$5:$B$107,A15) -> 4 | H15: =COUNTIFS(Line_Items!$B$5:$B$107,A15,Line_Items!$X$5:$X$107,"Auto-processed") -> 3 | I15: =G15-H15 -> 1 | J15: =COUNTIFS(Documents!$B$5:$B$83,A15,Documents!$L$5:$L$83,"Human confirm") -> 0 | K15: =COUNTIFS(Exceptions!$B$5:$B$11,A15,Exceptions!$C$5:$C$11,"Shipment",Exceptions!$I$5:$I$11,"Yes") -> 0 | L15: =SUMPRODUCT((Line_Items!$B$5:$B$107=A15)*(((Line_Items!$M$5:$M$107<>"Existing")+(Line_Items!$P$5:$P$107<>"Valid"))>0)) -> 1 | M15: =COUNTIFS(Exceptions!$B$5:$B$11,A15,Exceptions!$C$5:$C$11,"Shipment",Exceptions!$H$5:$H$11,"Yes") -> 0 | N15: =IF(L15+M15=0,"Clean","Requires review") -> Requires review | O15: =IF(I15+J15+K15=0,"Auto-processed","Human review") -> Human review | P15: =IF(AND(N15="Clean",O15="Auto-processed"),"Correct – straight-through",IF(AND(N15="Requires review",O15="Human review"),"Correct – caught",IF(N15="Clean","Unnecessary review","MISSED – wrongly auto-processed"))) -> Correct – caught
A16: SYN-SH-012 | B16: =Inbound_Emails!A16 -> SYN-EM-012 | C16: =LEFT(Inbound_Emails!C16,10) -> 2026-09-04 | D16: =Inbound_Emails!F16 -> SUP-004 | E16: =Inbound_Emails!M16 -> Clean (scanned COO) | F16: =COUNTIF(Documents!$B$5:$B$83,A16) -> 3 | G16: =COUNTIF(Line_Items!$B$5:$B$107,A16) -> 4 | H16: =COUNTIFS(Line_Items!$B$5:$B$107,A16,Line_Items!$X$5:$X$107,"Auto-processed") -> 4 | I16: =G16-H16 -> 0 | J16: =COUNTIFS(Documents!$B$5:$B$83,A16,Documents!$L$5:$L$83,"Human confirm") -> 1 | K16: =COUNTIFS(Exceptions!$B$5:$B$11,A16,Exceptions!$C$5:$C$11,"Shipment",Exceptions!$I$5:$I$11,"Yes") -> 0 | L16: =SUMPRODUCT((Line_Items!$B$5:$B$107=A16)*(((Line_Items!$M$5:$M$107<>"Existing")+(Line_Items!$P$5:$P$107<>"Valid"))>0)) -> 0 | M16: =COUNTIFS(Exceptions!$B$5:$B$11,A16,Exceptions!$C$5:$C$11,"Shipment",Exceptions!$H$5:$H$11,"Yes") -> 0 | N16: =IF(L16+M16=0,"Clean","Requires review") -> Clean | O16: =IF(I16+J16+K16=0,"Auto-processed","Human review") -> Human review | P16: =IF(AND(N16="Clean",O16="Auto-processed"),"Correct – straight-through",IF(AND(N16="Requires review",O16="Human review"),"Correct – caught",IF(N16="Clean","Unnecessary review","MISSED – wrongly auto-processed"))) -> Unnecessary review
... A34: SYN-SH-030 | B34: =Inbound_Emails!A34 -> SYN-EM-030 | C34: =LEFT(Inbound_Emails!C34,10) -> 2026-09-14 | D34: =Inbound_Emails!F34 -> SUP-007 | E34: =Inbound_Emails!M34 -> Clean | F34: =COUNTIF(Documents!$B$5:$B$83,A34) -> 3 | G34: =COUNTIF(Line_Items!$B$5:$B$107,A34) -> 4 | H34: =COUNTIFS(Line_Items!$B$5:$B$107,A34,Line_Items!$X$5:$X$107,"Auto-processed") -> 4 | I34: =G34-H34 -> 0 | J34: =COUNTIFS(Documents!$B$5:$B$83,A34,Documents!$L$5:$L$83,"Human confirm") -> 0 | K34: =COUNTIFS(Exceptions!$B$5:$B$11,A34,Exceptions!$C$5:$C$11,"Shipment",Exceptions!$I$5:$I$11,"Yes") -> 0 | L34: =SUMPRODUCT((Line_Items!$B$5:$B$107=A34)*(((Line_Items!$M$5:$M$107<>"Existing")+(Line_Items!$P$5:$P$107<>"Valid"))>0)) -> 0 | M34: =COUNTIFS(Exceptions!$B$5:$B$11,A34,Exceptions!$C$5:$C$11,"Shipment",Exceptions!$H$5:$H$11,"Yes") -> 0 | N34: =IF(L34+M34=0,"Clean","Requires review") -> Clean | O34: =IF(I34+J34+K34=0,"Auto-processed","Human review") -> Auto-processed | P34: =IF(AND(N34="Clean",O34="Auto-processed"),"Correct – straight-through",IF(AND(N34="Requires review",O34="Human review"),"Correct – caught",IF(N34="Clean","Unnecessary review","MISSED – wrongly auto-processed"))) -> Correct – straight-through

Sheet Decision_Rules
A1: ⚠ Synthetic data — created solely for POC demonstration. Not Transworld data. All suppliers, SKUs, shipments, emails and documents are fictional.
A2: Decision Rules & Confidence Thresholds used in the simulation
A3: Plain-English business rules. Thresholds (yellow) are adjustable – dependent formulas update. To be calibrated on real Transworld data.
A4: # | B4: Rule / threshold | C4: Value | D4: How it is used
A5: 1 | B5: Document classification: minimum confidence for automatic acceptance | C5: 0.8 | D5: Below this, a person confirms the document type before extraction continues.
A6: 2 | B6: SKU: minimum confidence for automatic acceptance of an Existing SKU | C6: 0.9 | D6: Existing SKU + Valid data + confidence ≥ this → auto-processed. Otherwise → human review.
A7: 3 | B7: SKU: 'Existing' when code matches exactly and description similarity is high | C7: ≥ 85% | D7: Code exact + description similar → Existing (confidence 90–99%).
A8: 4 | B8: SKU: 'Existing – corrected' when code differs by 1 character AND description uniquely matches one SKU | C8: 1 char | D8: Correction is logged for audit (e.g., CG-3O05 → CG-3005).
A9: 5 | B9: SKU: 'Ambiguous' when code is close to 2+ SKUs or description fits 2+ SKUs, or description similarity is 60–85% | C9: 60–85% | D9: Never auto-accepted; reviewer picks the right SKU.
A10: 6 | B10: SKU: 'Potential New SKU' when no code match and best description similarity < 60% | C10: < 60% | D10: Draft SKU record generated; always requires human APPROVE / EDIT / REJECT.
A11: 7 | B11: Validation: mandatory fields | C11: SKU, Qty, UOM, HS, Origin | D11: Blank mandatory field → 'Missing Field' exception.
A12: 8 | B12: Validation: cross-document checks (PL vs CI vs COO) | C12: Qty, HS, Origin, Weight | D12: Any mismatch → 'Conflict' exception.
A13: 9 | B13: Validation: gross-weight tolerance between PL and CI | C13: 0.1 | D13: Differences within tolerance are accepted. (Testing shows 10% is too loose – see Test_Cases feedback.)
A14: 10 | B14: Validation: duplicate line | C14: Same SKU+Qty+Weight | D14: Repeated line on the same document → 'Duplicate' exception.
A15: 11 | B15: UOM normalisation dictionary | C15: Pieces/Pc/pcs/Nos → PCS; Carton/Ctns → CTN | D15: Applied before matching; not treated as an exception.

Sheet Suppliers
A1: ⚠ Synthetic data — created solely for POC demonstration. Not Transworld data. All suppliers, SKUs, shipments, emails and documents are fictional.
A2: Supplier Master (fictional)
A3: Supplier names are invented for this POC; any resemblance to real companies is coincidental.
A4: Supplier_ID | B4: Supplier_Name | C4: Country | D4: Main_Category | E4: SKUs_in_Master
A5: SUP-001 | B5: Brightlink Electronics Co. (fictional) | C5: China | D5: Electronics | E5: =COUNTIF(Item_Master!$G$5:$G$84,A5) -> 10
A6: SUP-002 | B6: Everhome Housewares Ltd (fictional) | C6: China | D6: Household | E6: =COUNTIF(Item_Master!$G$5:$G$84,A6) -> 12
A7: SUP-003 | B7: Crestline Consumer Products Pvt Ltd (fictional) | C7: India | D7: Consumer Goods | E7: =COUNTIF(Item_Master!$G$5:$G$84,A7) -> 16
A8: SUP-004 | B8: Anka Accessories Trading (fictional) | C8: Turkey | D8: Accessories | E8: =COUNTIF(Item_Master!$G$5:$G$84,A8) -> 12
A9: SUP-005 | B9: Greenleaf Foods JSC (fictional) | C9: Vietnam | D9: Packaged Goods | E9: =COUNTIF(Item_Master!$G$5:$G$84,A9) -> 6
A10: SUP-006 | B10: Voltix Components Sdn Bhd (fictional) | C10: Malaysia | D10: Electronics & Cables | E10: =COUNTIF(Item_Master!$G$5:$G$84,A10) -> 10
A11: SUP-007 | B11: Desert Palm Foodstuff Trading LLC (fictional) | C11: UAE | D11: Packaged Goods | E11: =COUNTIF(Item_Master!$G$5:$G$84,A11) -> 10
A12: SUP-008 | B12: Nordkap Home Appliances GmbH (fictional) | C12: Germany | D12: Household Appliances | E12: =COUNTIF(Item_Master!$G$5:$G$84,A12) -> 4

Sheet Dashboard_Spec
A1: ⚠ Synthetic data — created solely for POC demonstration. Not Transworld data. All suppliers, SKUs, shipments, emails and documents are fictional.
A2: STEP 4 – Dashboard Specification (for Power BI / Excel / slide mock-up)
A3: Layout and behaviour of the operations dashboard that a production version would provide.
A4: Panel | B4: KPIs / content | C4: Visual | D4: Why it matters to operations | E4: Data source (sheet)
A5: 1. Header strip | B5: Period, # emails, # documents, # line items | C5: 4 KPI tiles | D5: Shows workload handled by the AI | E5: Shipment_Summary, Documents, Line_Items
A6: 2. Straight-through processing | B6: % lines auto-processed; # shipments auto-processed; # routed to human | C6: Donut + 2 tiles | D6: Headline efficiency measure | E6: Line_Items (AI_Route), Shipment_Summary
A7: 3. SKU intelligence | B7: Existing / Potential New / Ambiguous counts | C7: Stacked bar; list of new-SKU drafts awaiting approval | D7: Controls Item Master growth and data quality | E7: Line_Items (AI_SKU_Status)
A8: 4. Exceptions | B8: Missing field / Conflict / Duplicate / Missing document by supplier | C8: Bar by type; table by supplier | D8: Targets supplier follow-up | E8: Exceptions
A9: 5. Human review queue | B9: Open items, age, reason, confidence | C9: Sortable table with APPROVE / EDIT / REJECT | D9: The daily work list for inbound staff | E9: Line_Items, Documents (AI_Action)
A10: 6. Quality & trust (test mode) | B10: Classification, extraction, SKU match accuracy; exception recall & precision; confusion matrix | C10: Scorecards + 3×3 matrix | D10: Proves the AI is reliable before scaling | E10: KPI_Dashboard
A11: 7. Supplier data-quality score | B11: % clean shipments per supplier | C11: Ranked bar | D11: Identifies suppliers needing document standards | E11: Shipment_Summary
A12: Filters | B12: Date, supplier, document type, status | C12: Slicers | D12: Drill-down

Sheet Stage_Transformation
A1: ⚠ Synthetic data — created solely for POC demonstration. Not Transworld data. All suppliers, SKUs, shipments, emails and documents are fictional.
A2: J – How each stage transforms the data (activities → required data points → output)
A3: Only the key data points per activity are used, as instructed. Example column refers to records in this workbook.
A4: Activity | B4: Key data points required | C4: What the AI does (business terms) | D4: Output of the stage | E4: Example from synthetic data
A5: 1. Email & attachment capture | B5: Email ID, sender, date/time, subject, PO number, attachments | C5: Reads the inbox, links each email to a shipment and PO, saves all attachments | D5: Shipment record + list of files | E5: SYN-EM-016: email says 2 attachments, only 1 received → flagged
A6: 2. Document classification | B6: File name, layout, keywords, header text | C6: Recognises each file as Packing List / Invoice / COO / BOE or Not Relevant, with confidence | D6: Typed, relevant documents | E6: 'Supplier_Price_List_Q4.pdf' – low confidence (61%), sent for confirmation
A7: 3. Parsing & extraction | B7: SKU, description, quantity, UOM, HS code, origin, weight | C7: Reads the tables inside documents and captures each line | D7: Structured line items | E7: 103 lines extracted from 30 Packing Lists
A8: 4. Normalisation & validation | B8: Mandatory fields, UOM dictionary, cross-document fields | C8: Standardises formats (Pc → PCS), checks blanks, compares PL vs Invoice vs COO | D8: Valid / Missing Field / Conflict / Duplicate | E8: SYN-SH-023: PL 500 vs Invoice 550 → Conflict
A9: 5. SKU comparison vs Item Master | B9: SKU code, description, supplier, attributes | C9: Looks up code; if not exact, compares character-by-character and by meaning of description | D9: Candidate matches with similarity | E9: EL-400I vs EL-4001 / EL-4011
A10: 6. Existing / New / Ambiguous + confidence | B10: Similarity scores, thresholds (Decision_Rules) | C10: Assigns status and a confidence %, applies routing rules | D10: Status + confidence + route | E10: EL-7810 → Potential New SKU, 92%
A11: 7. Validated output / handoff | B11: All validated fields + decision log | C11: Publishes a clean record for downstream receiving; keeps audit trail of human decisions | D11: Ready-for-receiving record | E11: SYN-SH-001 → READY, zero human touch

Sheet Slide_Plan
A1: ⚠ Synthetic data — created solely for POC demonstration. Not Transworld data. All suppliers, SKUs, shipments, emails and documents are fictional.
A2: K – Presentation-ready slide plan
A3: One idea per slide. Numbers come from KPI_Dashboard. Put the red 'Synthetic data' tag on every data slide.
A4: # | B4: Slide title | C4: Purpose | D4: Input | E4: Process | F4: Output | G4: Key visual | H4: Key message
A5: 1 | B5: Intelligent Inbound Processing – Proof of Concept | C5: Set context & disclaimer | D5: — | E5: — | F5: — | G5: Title + red banner 'Synthetic data – illustrative only' | H5: Demonstrating how it would work, not claiming Transworld data
A6: 2 | B6: Mid-review recap: why a POC | C6: Explain shift from data collection to simulation | D6: Mid-review scope | E6: No company data/visit available | F6: POC with synthetic data | G6: Timeline: plan → blocker → POC | H6: We stopped waiting and proved the concept
A7: 3 | B7: Proposed activities | C7: Show the 7-step future state | D7: Current manual 'read & understand' work | E7: 7 activities | F7: End-to-end flow | G7: Horizontal flow EMAIL → … → VALIDATED OUTPUT | H7: Automate reading; keep people for judgment
A8: 4 | B8: Required data points | C8: Show we selected only what matters | D8: 7 activities | E8: Key data points per activity | F8: Data checklist | G8: Activity × data-point matrix (Stage_Transformation) | H8: A small set of fields drives the whole process
A9: 5 | B9: The synthetic test environment | C9: Describe dataset | D9: Design choices | E9: 80 SKUs, 30 shipments, 79 files, 103 lines, 2 weeks | F9: Planted edge cases + ground truth | G9: Dataset iceberg: 'mostly normal, some exceptions' | H9: Realistic, not designed to flatter the AI
A10: 6 | B10: How the AI decides | C10: Explain confidence & routing | D10: Decision_Rules | E10: Thresholds 80% / 90% | F10: Existing / New / Ambiguous | G10: Traffic light: green auto, amber review, blue new-SKU approval | H10: Confidence decides who acts: system or person
A11: 7 | B11: Test A – Clean shipment | C11: Show straight-through | D11: SYN-SH-001 | E11: Classify → extract → validate → match | F11: 4 Existing, 95–99% | G11: 10-step flow with green ticks | H11: Routine work flows through untouched
A12: 8 | B12: Test B – New SKU | C12: Show onboarding | D12: SYN-SH-008 | E12: No match → draft SKU | F12: EL-7810, 92% | G12: Draft SKU card with APPROVE / EDIT / REJECT | H12: New items detected; humans approve
A13: 9 | B13: Test C – Ambiguous SKU | C13: Show caution | D13: SYN-SH-011 | E13: EL-400I vs EL-4001/EL-4011 | F13: 71% → review | G13: Side-by-side code comparison, 'I' vs '1' highlighted | H13: The AI knows when it is unsure
A14: 10 | B14: Tests D & E – Data quality | C14: Show validation | D14: SYN-SH-013, SYN-SH-023 | E14: Mandatory & cross-doc checks | F14: FAILED (qty) / CONFLICT (500 vs 550) | G14: Two document snippets with red highlights | H14: Bad data is stopped before the warehouse
A15: 11 | B15: Testing results | C15: Prove with numbers | D15: Ground truth vs system output | E15: Accuracy formulas | F15: KPI scorecard + confusion matrix | G15: KPI tiles + 3×3 matrix | H15: Measured, not assumed
A16: 12 | B16: What testing taught us | C16: Show feedback loop | D16: 5 planted errors | E16: Root-cause | F16: Rule fixes F1–F5 | G16: Finding → fix table | H16: Testing improves the rules before go-live
... A19: 15 | B19: Next steps with actual Transworld data | C19: Path to pilot | D19: Sample emails/docs, Item Master extract, historical exceptions | E19: Replace synthetic data; recalibrate thresholds | F19: Pilot on 1 client / 4 weeks; compare to manual baseline | G19: Phased roadmap | H19: Same test method, real data
